0,Entry,head,shouler,arm,hand,body,"hip,leg,foot",bag,cup,earphone,glasses,mobilephone,overcoat,pillow,mouse,keyboard,desktop,desk-drawer,desk-fence,chair-arm,chair-cushion,chair-back,controller,printer,door,window,waterdispenser,tissuedispenser,trashcan,cabinet,printerdesk,printerchair,hanger,leave
Entry,0,6,0,1,9,1,6,1,2,1,0,2,1,0,0,0,3,0,0,10,0,1,0,0,1,1,0,0,0,0,0,0,0,7
head,0,133,1,20,38,12,29,0,12,6,41,168,0,2,255,162,81,0,11,76,1,3,0,0,0,0,0,0,0,0,0,0,0,1
shouler,0,0,1,1,1,0,2,0,1,0,0,0,0,0,2,0,1,0,0,0,0,0,0,0,0,0,0,0,0,0,0,0,0,0
arm,0,9,1,1,10,15,7,0,1,0,1,7,0,0,46,7,1,0,0,3,0,0,0,0,0,0,0,0,0,0,0,0,0,0
hand,0,64,0,14,8,3,11,0,3,1,0,7,0,2,79,10,7,1,1,7,1,2,0,0,0,0,0,0,0,0,0,0,0,5
body,0,11,2,2,2,2,5,0,1,1,3,6,0,0,21,7,2,0,0,2,0,0,0,0,0,0,0,0,0,0,0,0,0,3
"hip,leg,foot",0,30,1,8,4,4,8,4,10,4,5,25,3,2,55,9,20,0,2,29,0,6,0,0,0,0,0,1,0,0,0,0,0,10
bag,0,1,0,0,0,0,5,1,0,1,0,2,0,0,1,0,3,0,0,2,0,2,0,0,0,0,0,0,0,0,0,0,0,0
cup,0,11,1,2,4,2,4,1,15,2,2,9,0,0,25,12,15,0,1,22,0,0,0,0,0,0,1,0,0,0,0,0,0,5
earphone,0,0,0,0,2,0,6,0,5,2,2,6,0,0,33,2,12,0,2,12,0,1,0,0,0,0,0,0,0,0,0,0,0,0
glasses,0,24,0,1,3,0,3,0,3,2,0,14,0,2,16,7,6,0,1,5,0,0,0,0,0,0,0,0,0,0,0,0,0,0
mobilephone,0,188,0,6,10,4,34,3,8,6,9,16,0,0,66,12,74,0,0,47,2,2,0,0,0,0,0,0,0,0,0,0,0,6
overcoat,0,0,0,0,0,0,1,0,0,0,0,1,0,0,0,0,0,0,0,2,0,0,0,0,0,0,0,0,0,0,0,0,0,1
pillow,0,3,0,0,2,0,5,0,0,0,0,1,0,1,3,2,1,0,0,4,0,0,0,0,0,0,0,0,0,0,0,0,0,1
mouse,0,254,1,39,98,19,50,1,23,17,9,89,0,5,16,528,41,1,2,61,2,0,0,0,0,0,0,0,0,0,0,0,0,0
keyboard,0,178,0,9,14,3,10,1,15,7,6,27,0,1,486,9,19,0,0,36,1,1,0,0,0,0,0,0,0,0,0,0,0,2
desktop,0,67,0,4,4,1,21,1,16,17,4,63,0,1,55,29,20,0,2,34,3,1,0,0,0,0,0,0,0,0,0,0,0,4
desk-drawer,0,0,0,0,0,0,0,0,0,0,0,1,0,0,1,0,0,0,0,1,0,0,0,0,0,0,0,0,0,0,0,0,0,0
desk-fence,0,1,0,0,3,0,1,0,2,0,1,2,0,0,6,1,1,0,0,3,0,1,0,0,0,0,0,0,0,0,0,0,0,1
chair-arm,0,69,1,1,10,4,29,4,14,18,4,41,1,5,90,27,38,1,1,21,3,2,0,0,0,0,0,3,0,0,0,0,0,1
chair-cushion,0,3,0,0,1,0,1,0,0,0,0,1,0,0,2,2,2,0,0,1,0,0,0,0,0,0,0,0,0,0,0,0,0,0
chair-back,0,0,0,0,2,0,0,1,2,0,0,3,0,2,0,0,0,0,0,9,0,2,0,0,0,0,0,0,0,0,0,0,0,2
controller,0,0,0,0,0,0,0,0,0,0,0,0,0,0,0,0,0,0,0,0,0,0,0,0,0,0,0,0,0,0,0,0,0,0
printer,0,0,0,0,0,0,0,0,0,0,0,0,0,0,0,0,0,0,0,0,0,0,0,0,0,0,0,0,0,0,0,0,0,0
door,0,0,0,0,0,0,1,0,0,0,0,0,0,0,0,0,0,0,0,0,0,0,0,0,0,0,0,0,0,0,0,0,0,0
window,0,0,0,0,1,0,0,0,0,0,0,0,0,0,0,0,0,0,0,0,0,0,0,0,0,3,0,0,0,0,0,0,0,0
waterdispenser,0,0,0,0,0,0,0,0,1,0,0,0,0,0,0,0,0,0,0,0,0,0,0,0,0,0,0,0,0,0,0,0,0,0
tissuedispenser,0,0,0,0,0,0,1,0,0,0,0,2,0,0,0,0,0,0,0,1,0,0,0,0,0,0,0,0,0,0,0,0,0,0
trashcan,0,0,0,0,0,0,0,0,0,0,0,0,0,0,0,0,0,0,0,0,0,0,0,0,0,0,0,0,0,0,0,0,0,0
cabinet,0,0,0,0,0,0,0,0,0,0,0,0,0,0,0,0,0,0,0,0,0,0,0,0,0,0,0,0,0,0,0,0,0,0
printerdesk,0,0,0,0,0,0,0,0,0,0,0,0,0,0,0,0,0,0,0,0,0,0,0,0,0,0,0,0,0,0,0,0,0,0
printerchair,0,0,0,0,0,0,0,0,0,0,0,0,0,0,0,0,0,0,0,0,0,0,0,0,0,0,0,0,0,0,0,0,0,0
hanger,0,0,0,0,0,0,0,0,0,0,0,0,0,0,0,0,0,0,0,0,0,0,0,0,0,0,0,0,0,0,0,0,0,0
leave,0,0,0,0,0,0,0,0,0,0,0,0,0,0,0,0,0,0,0,0,0,0,0,0,0,0,0,0,0,0,0,0,0,53
1,Entry,head,shouler,arm,hand,body,"hip,leg,foot",bag,cup,earphone,glasses,mobilephone,overcoat,pillow,mouse,keyboard,desktop,desk-drawer,desk-fence,chair-arm,chair-cushion,chair-back,controller,printer,door,window,waterdispenser,tissuedispenser,trashcan,cabinet,printerdesk,printerchair,hanger,leave
Entry,0,3,0,0,0,0,1,0,1,0,0,5,0,0,0,0,1,0,1,2,0,3,1,0,0,0,0,0,0,0,0,0,0,0
head,0,46,0,2,13,2,17,0,3,0,0,12,0,0,34,11,25,0,3,10,4,7,0,0,0,0,1,0,0,1,0,0,0,1
shouler,0,0,0,0,0,0,0,0,1,0,0,0,0,0,1,0,0,0,0,0,1,1,0,0,0,0,0,0,0,0,0,0,0,0
arm,0,3,0,0,2,0,2,0,0,0,0,0,0,0,1,0,4,0,0,1,1,0,0,0,0,0,0,0,0,0,0,0,0,0
hand,0,16,0,2,6,3,10,3,0,0,0,1,0,0,7,4,7,0,0,5,0,1,0,0,0,0,0,0,0,0,0,0,0,2
body,0,0,0,0,2,0,5,0,0,0,0,0,0,0,5,0,1,0,0,3,0,0,0,0,0,0,0,0,0,0,0,0,0,0
"hip,leg,foot",0,15,2,5,8,3,20,2,2,0,0,2,0,0,31,12,26,0,0,26,5,5,0,0,0,0,0,0,0,0,1,0,0,1
bag,0,0,0,0,1,0,1,0,0,0,0,3,0,0,1,3,0,0,0,1,0,0,0,0,0,0,0,0,0,0,0,0,0,0
cup,0,4,0,0,0,0,4,0,9,0,0,0,0,0,5,4,11,0,1,4,0,4,0,0,0,0,5,0,0,0,0,0,0,1
earphone,0,0,0,0,0,0,0,0,0,0,0,0,0,0,0,0,0,0,0,0,0,0,0,0,0,0,0,0,0,0,0,0,0,0
glasses,0,0,0,0,0,0,0,0,0,0,0,0,0,0,0,0,0,0,0,0,0,0,0,0,0,0,0,0,0,0,0,0,0,0
mobilephone,0,10,0,0,2,1,5,2,3,0,0,3,0,0,8,7,11,0,0,0,0,1,1,0,0,0,0,0,0,0,0,0,0,3
overcoat,0,0,0,0,0,0,0,0,0,0,0,0,0,0,0,0,1,0,0,0,0,0,0,0,0,0,0,0,0,0,0,0,0,0
pillow,0,0,0,0,0,1,0,0,0,0,0,0,0,0,0,0,1,0,0,1,0,0,0,0,0,0,0,0,0,0,0,0,0,0
mouse,0,42,1,1,5,4,26,0,6,0,0,8,0,0,21,228,18,0,4,19,2,0,0,0,0,0,0,0,0,0,0,0,0,0
keyboard,0,17,0,0,2,0,8,2,8,0,0,10,0,0,226,3,11,0,0,10,0,2,0,1,0,0,0,0,0,1,0,0,0,1
desktop,0,18,0,0,15,0,36,0,3,0,0,11,0,1,13,19,30,1,4,24,1,3,1,0,1,0,0,0,0,0,0,0,0,4
desk-drawer,0,0,0,0,0,0,0,0,0,0,0,0,0,0,0,0,0,0,0,1,0,0,0,0,0,0,0,0,0,0,0,0,0,0
desk-fence,0,3,0,0,1,0,1,0,2,0,0,0,0,0,4,1,2,0,2,1,0,1,0,1,0,0,0,0,0,0,0,0,0,0
chair-arm,0,7,0,2,8,2,21,1,5,0,0,1,0,1,20,8,25,0,2,8,3,1,0,1,0,0,0,0,0,0,0,1,0,2
chair-cushion,0,0,1,1,0,0,3,0,0,0,0,0,0,0,8,1,1,0,0,1,0,0,0,0,0,0,0,0,0,0,0,0,0,0
chair-back,0,7,0,1,1,0,4,0,2,0,0,1,1,1,0,0,8,0,0,2,0,3,0,0,0,0,1,0,0,0,0,0,0,1
controller,0,0,0,0,0,0,0,0,0,0,0,0,0,0,0,0,0,0,1,0,0,0,0,0,3,0,0,0,0,0,0,0,0,0
printer,0,0,0,0,0,0,1,0,0,0,0,0,0,0,0,1,1,0,1,0,0,0,0,9,0,0,0,0,0,0,1,0,0,0
door,0,0,0,0,1,0,1,0,0,0,0,0,0,0,0,0,1,0,0,0,0,0,1,0,0,0,0,0,0,0,0,0,0,0
window,0,0,0,0,0,0,0,0,0,0,0,0,0,0,0,0,0,0,0,0,0,0,0,0,0,0,0,0,0,0,0,0,0,0
waterdispenser,0,0,0,0,0,0,0,0,7,0,0,0,0,0,0,0,0,0,0,0,0,0,0,0,0,0,2,0,0,0,0,0,0,0
tissuedispenser,0,0,0,0,0,0,0,0,0,0,0,0,0,0,0,0,0,0,0,0,0,0,0,0,0,0,0,0,0,0,0,0,0,0
trashcan,0,0,0,0,0,0,0,0,0,0,0,0,0,0,0,0,0,0,0,0,0,0,0,0,0,0,0,0,0,0,0,0,0,0
cabinet,0,1,0,0,0,0,0,0,0,0,0,0,0,0,0,0,0,0,0,0,0,1,0,0,0,0,0,0,0,1,0,0,0,0
printerdesk,0,0,0,0,0,0,0,0,0,0,0,0,0,0,0,0,0,0,0,0,0,0,0,2,0,0,0,0,0,0,0,0,0,0
printerchair,0,0,0,0,0,0,1,0,0,0,0,0,0,0,0,0,0,0,0,0,0,0,0,0,0,0,0,0,0,0,0,0,0,0
hanger,0,0,0,0,0,0,0,0,0,0,0,0,0,0,0,0,0,0,0,0,0,0,0,0,0,0,0,0,0,0,0,0,0,0
leave,0,0,0,0,0,0,0,0,0,0,0,0,0,0,0,0,0,0,0,0,0,0,0,0,0,0,0,0,0,0,0,0,0,18
2,Entry,head,shouler,arm,hand,body,"hip,leg,foot",bag,cup,earphone,glasses,mobilephone,overcoat,pillow,mouse,keyboard,desktop,desk-drawer,desk-fence,chair-arm,chair-cushion,chair-back,controller,printer,door,window,waterdispenser,tissuedispenser,trashcan,cabinet,printerdesk,printerchair,hanger,leave
Entry,0,1,0,0,2,0,5,1,0,0,0,3,1,0,0,1,5,0,1,9,0,6,0,1,0,0,0,0,0,1,0,0,0,1
head,0,53,1,24,16,11,17,0,3,0,4,18,2,0,63,9,23,0,0,11,0,0,0,3,0,0,0,0,0,3,0,0,1,3
shouler,0,0,0,3,0,2,0,0,0,0,0,0,0,0,0,0,0,0,0,0,0,1,0,0,0,0,0,0,0,0,0,0,0,0
arm,0,16,2,3,3,10,11,0,0,0,1,3,3,0,32,7,5,0,0,5,0,0,0,0,0,0,0,0,0,2,0,0,0,1
hand,0,10,2,4,19,4,18,1,2,0,0,6,0,0,41,27,6,1,0,8,1,1,0,1,0,0,0,0,0,0,0,0,0,3
body,0,8,0,10,3,4,4,0,0,0,1,5,0,0,20,2,6,0,0,5,0,1,0,0,0,0,1,0,1,0,0,0,0,1
"hip,leg,foot",0,16,1,8,12,5,16,3,1,0,1,22,2,0,36,6,28,0,0,25,2,5,0,3,0,0,0,0,0,5,0,1,0,7
bag,0,1,0,0,1,0,0,12,0,0,0,0,0,0,4,2,8,0,0,1,0,2,0,0,0,0,0,0,0,1,0,0,0,1
cup,0,2,0,0,3,0,0,0,2,0,0,1,0,0,5,0,3,1,0,5,0,0,0,0,0,0,1,0,0,0,0,0,0,1
earphone,0,0,0,0,0,0,0,0,0,0,0,0,0,0,0,0,0,0,0,0,0,0,0,0,0,0,0,0,0,0,0,0,0,0
glasses,0,6,0,3,0,1,2,0,0,0,3,3,1,0,2,2,3,0,0,1,0,0,0,1,0,0,0,0,0,0,0,0,0,0
mobilephone,0,36,0,0,8,5,17,1,0,0,2,6,1,0,40,10,19,0,0,13,0,4,0,0,0,0,0,0,0,1,0,0,0,4
overcoat,0,2,0,1,0,0,1,0,0,0,1,0,0,0,7,1,3,0,0,2,0,0,1,0,0,0,0,0,0,0,0,0,0,0
pillow,0,0,0,0,0,0,0,0,0,0,0,0,0,0,0,0,0,0,0,0,0,0,0,0,0,0,0,0,0,0,0,0,0,0
mouse,0,65,0,25,31,15,30,6,4,0,8,45,3,0,51,485,104,1,0,35,1,2,0,2,1,0,0,0,0,1,0,0,0,1
keyboard,0,9,0,12,34,6,17,3,2,0,3,15,1,0,455,6,14,1,0,15,0,0,0,0,0,0,0,0,0,1,0,0,0,0
desktop,0,17,0,6,9,0,34,3,3,0,2,25,3,0,101,22,75,2,1,15,0,5,0,2,0,0,0,0,0,0,1,0,0,6
desk-drawer,0,1,0,0,1,0,1,0,0,0,0,1,0,0,1,0,2,1,0,0,0,0,0,0,0,0,0,0,0,0,0,0,0,1
desk-fence,0,0,0,0,0,0,0,0,0,0,0,0,0,0,1,0,0,0,0,0,0,1,0,0,0,0,0,1,0,0,0,0,0,0
chair-arm,0,14,0,5,9,4,23,1,5,0,1,8,1,0,47,15,18,0,0,11,4,5,0,0,0,0,0,0,0,2,0,0,0,1
chair-cushion,0,1,0,0,1,1,0,0,0,0,0,2,0,0,3,0,0,0,0,0,0,0,0,0,0,0,0,0,0,0,0,0,0,0
chair-back,0,1,0,0,1,4,3,1,0,0,0,3,1,0,3,0,2,1,1,8,0,7,0,0,0,0,0,0,0,1,0,0,0,3
controller,0,0,0,0,0,0,0,0,0,0,0,0,0,0,0,0,0,1,0,0,0,0,0,0,0,0,0,0,0,0,0,0,0,0
printer,0,3,0,0,0,0,1,0,0,0,1,0,0,0,0,0,2,0,0,1,0,0,0,34,0,0,0,0,0,0,16,1,0,2
door,0,1,0,0,0,0,0,0,0,0,0,0,0,0,0,0,0,0,0,0,0,0,0,0,0,0,0,0,0,0,0,0,0,0
window,0,0,0,0,0,0,0,0,0,0,0,0,0,0,0,0,0,0,0,0,0,0,0,0,0,0,0,0,0,0,0,0,0,0
waterdispenser,0,0,0,0,1,0,0,0,1,0,0,0,0,0,0,0,0,0,0,0,0,0,0,0,0,0,2,0,0,0,0,0,0,0
tissuedispenser,0,0,0,0,1,0,0,0,0,0,0,0,0,0,0,0,0,0,0,0,0,0,0,0,0,0,0,0,0,0,0,0,0,0
trashcan,0,0,0,0,0,0,0,0,0,0,0,0,0,0,0,0,0,0,0,1,0,0,0,0,0,0,0,0,0,0,0,0,0,0
cabinet,0,2,0,0,0,0,3,1,1,0,0,1,0,0,4,0,3,0,0,3,0,0,0,0,0,0,0,0,0,3,0,0,0,0
printerdesk,0,0,0,0,0,0,0,0,0,0,0,0,0,0,0,0,2,0,0,1,0,0,0,13,0,0,0,0,0,0,4,1,0,0
printerchair,0,0,0,0,0,0,1,0,0,0,0,0,0,0,0,0,1,0,0,0,0,0,0,1,0,0,0,0,0,0,0,0,0,0
hanger,0,0,0,0,0,0,1,0,0,0,0,0,0,0,0,0,0,0,0,0,0,0,0,0,0,0,0,0,0,0,0,0,0,0
leave,0,0,0,0,0,0,0,0,0,0,0,0,0,0,0,0,0,0,0,0,0,0,0,0,0,0,0,0,0,0,0,0,0,38
3,Entry,head,shouler,arm,hand,body,"hip,leg,foot",bag,cup,earphone,glasses,mobilephone,overcoat,pillow,mouse,keyboard,desktop,desk-drawer,desk-fence,chair-arm,chair-cushion,chair-back,controller,printer,door,window,waterdispenser,tissuedispenser,trashcan,cabinet,printerdesk,printerchair,hanger,leave
Entry,0,0,0,0,3,2,14,0,0,0,0,4,1,0,5,4,11,2,0,4,0,7,0,0,0,0,2,1,0,0,0,0,0,5
head,0,35,2,0,12,3,22,1,0,1,6,69,0,1,88,8,28,4,3,11,0,5,0,0,0,0,1,0,0,3,0,0,0,1
shouler,0,1,2,0,1,1,7,0,0,0,0,0,0,0,3,1,1,0,0,3,1,3,0,1,0,0,0,0,0,0,0,1,0,2
arm,0,1,1,1,2,9,2,0,0,0,0,3,0,1,25,1,2,1,0,2,0,1,0,0,0,0,0,0,0,0,0,0,0,0
hand,0,12,2,5,19,15,21,4,0,0,2,6,1,1,69,27,28,3,2,7,3,7,1,1,2,0,1,0,0,1,0,0,0,4
body,0,2,1,2,10,7,10,0,0,0,0,4,1,0,35,10,11,2,1,12,0,5,0,2,0,0,0,0,0,0,1,0,0,3
"hip,leg,foot",0,13,4,5,25,10,72,5,3,2,2,41,6,3,113,31,69,7,3,35,10,18,0,1,0,0,0,1,0,8,1,0,0,12
bag,0,1,0,1,2,0,7,10,0,0,0,3,1,0,2,0,5,0,1,0,0,4,0,0,0,0,0,0,0,0,0,0,0,0
cup,0,1,1,0,0,0,2,0,1,0,0,0,1,0,5,0,4,0,0,2,0,1,0,0,0,0,6,0,0,0,0,0,0,0
earphone,0,0,1,0,2,0,5,0,1,1,0,1,0,1,23,3,3,0,0,2,0,1,0,0,0,0,0,0,0,0,0,0,0,0
glasses,0,0,1,1,2,0,1,0,0,0,0,2,0,4,14,4,2,1,0,2,0,2,0,0,1,0,0,0,0,0,0,0,0,0
mobilephone,0,70,1,0,7,3,39,3,0,6,3,21,1,0,67,6,48,5,1,6,2,9,0,0,1,0,0,1,0,0,0,0,0,5
overcoat,0,0,0,1,0,2,4,1,0,0,0,1,2,2,7,1,2,0,0,3,0,1,0,0,0,0,0,1,0,1,0,0,0,0
pillow,0,1,0,1,0,2,5,0,1,1,3,1,2,3,5,1,5,0,0,4,0,1,0,0,0,0,0,0,0,1,0,0,0,0
mouse,0,95,4,21,48,24,100,1,5,22,7,70,4,3,84,1070,162,20,0,63,3,19,1,5,2,0,0,0,0,1,0,0,0,2
keyboard,0,21,0,10,52,16,46,0,0,7,6,14,2,0,962,23,45,6,0,23,1,4,0,2,0,0,0,0,0,1,0,0,0,4
desktop,0,29,2,2,34,3,65,5,5,3,5,42,0,5,184,37,135,25,3,20,2,8,0,1,0,0,0,1,0,4,0,0,0,9
desk-drawer,0,0,0,0,6,4,7,0,0,1,1,4,0,1,18,2,23,89,0,5,4,2,0,0,0,0,0,0,0,2,0,0,0,2
desk-fence,0,1,1,0,2,0,2,1,1,0,0,2,0,0,0,0,4,0,1,1,0,0,0,0,0,0,0,0,0,0,0,0,0,0
chair-arm,0,11,2,0,8,6,21,0,3,0,0,8,2,8,98,13,23,0,1,11,2,14,1,0,0,0,0,0,0,0,0,0,0,2
chair-cushion,0,0,0,0,1,3,8,2,0,0,0,0,0,0,7,0,3,1,0,2,1,1,0,0,0,0,0,0,0,0,0,0,0,1
chair-back,0,5,2,2,2,8,26,3,0,0,0,8,4,3,21,2,7,4,1,9,1,20,1,0,0,0,0,0,0,2,1,0,0,5
controller,0,0,0,0,0,0,0,0,0,0,1,0,0,1,0,0,0,0,0,0,0,1,1,0,1,0,0,0,0,0,0,0,0,0
printer,0,1,0,0,1,0,2,0,0,0,0,0,1,0,0,1,2,0,0,2,0,1,0,45,0,0,0,0,0,0,3,0,0,1
door,0,0,0,0,3,0,1,0,0,0,0,0,0,1,0,0,0,0,0,0,0,0,0,0,1,0,0,0,0,0,0,0,0,2
window,0,0,0,0,0,0,0,0,0,0,0,0,0,0,0,0,0,0,0,0,0,0,0,0,0,0,0,0,0,0,0,0,0,0
waterdispenser,0,0,0,0,0,0,3,0,4,0,0,0,0,0,0,0,0,0,0,1,0,0,0,0,0,0,5,0,0,0,0,0,0,2
tissuedispenser,0,0,0,0,0,1,2,0,0,0,0,0,0,0,0,0,0,0,0,0,0,0,0,0,0,0,0,0,0,0,0,0,0,2
trashcan,0,0,0,0,0,0,0,0,0,0,0,0,0,0,0,0,0,0,0,0,0,0,0,0,0,0,0,0,0,0,0,0,0,0
cabinet,0,4,0,0,1,0,4,1,0,0,0,1,0,0,0,0,5,1,0,5,0,2,0,0,0,0,0,0,0,3,0,0,0,0
printerdesk,0,0,0,0,1,0,1,0,0,0,0,0,0,0,0,0,1,0,0,0,0,0,0,2,0,0,0,0,0,0,0,0,0,1
printerchair,0,0,1,0,0,0,0,0,0,0,0,0,0,0,0,0,0,0,0,0,0,0,0,0,0,0,0,0,0,0,0,0,0,0
hanger,0,0,0,0,0,0,0,0,0,0,0,0,0,0,0,0,0,0,0,0,0,0,0,0,0,0,0,0,0,0,0,0,0,0
leave,0,0,0,0,0,0,0,0,0,0,0,0,0,0,0,0,0,0,0,0,0,0,0,0,0,0,0,0,0,0,0,0,0,65
4,Entry,head,shouler,arm,hand,body,"hip,leg,foot",bag,cup,earphone,glasses,mobilephone,overcoat,pillow,mouse,keyboard,desktop,desk-drawer,desk-fence,chair-arm,chair-cushion,chair-back,controller,printer,door,window,waterdispenser,tissuedispenser,trashcan,cabinet,printerdesk,printerchair,hanger,leave
Entry,0,2,0,1,4,0,0,0,4,0,0,1,0,0,0,0,1,0,0,0,0,1,0,0,0,0,0,1,0,0,0,0,0,0
head,0,1,2,1,3,0,6,0,0,0,0,6,0,0,6,3,3,0,0,1,0,0,0,0,0,0,0,0,0,0,0,1,0,0
shouler,0,0,0,0,0,2,0,0,0,0,0,0,0,0,0,0,0,0,0,0,0,0,0,0,0,0,0,0,0,0,0,0,0,0
arm,0,1,0,5,0,1,3,1,0,0,0,0,0,0,0,2,1,0,1,1,0,0,0,1,0,0,0,0,0,0,0,0,0,3
hand,0,0,0,0,6,1,2,1,0,0,0,4,0,0,3,4,2,0,0,1,0,3,0,0,0,0,0,0,0,0,0,0,0,0
body,0,0,0,1,0,1,2,0,0,0,0,2,1,0,1,0,2,0,0,1,0,2,0,0,0,0,0,0,0,0,0,0,0,0
"hip,leg,foot",0,3,0,2,1,2,8,3,0,0,0,6,0,0,4,2,4,0,0,6,0,2,0,0,0,0,0,0,0,0,0,0,0,3
bag,0,1,0,0,0,2,2,9,3,0,0,6,0,1,0,0,4,2,2,0,0,2,0,0,0,0,0,0,0,0,0,0,0,0
cup,0,0,0,1,1,0,1,2,0,0,0,5,0,0,3,0,1,0,0,2,0,2,0,0,0,0,0,0,0,0,0,0,0,4
earphone,0,0,0,0,0,0,0,0,0,0,0,0,1,0,0,0,0,0,0,0,0,0,0,0,0,0,0,0,0,0,0,0,0,0
glasses,0,0,0,0,0,0,0,0,0,0,0,0,0,0,0,0,0,0,0,0,0,0,0,0,0,0,0,0,0,0,0,0,0,0
mobilephone,0,9,0,1,2,1,8,8,3,0,0,13,0,0,18,14,23,4,0,1,0,1,0,0,0,0,0,0,0,2,0,0,0,0
overcoat,0,0,0,0,0,1,0,1,0,0,0,1,0,0,0,0,0,1,0,0,0,0,0,0,0,0,0,0,0,0,0,0,0,0
pillow,0,0,0,0,0,0,0,0,0,0,0,0,0,0,0,0,0,0,0,0,0,3,0,0,0,0,0,0,0,0,0,0,0,0
mouse,0,7,0,2,3,0,7,0,3,0,0,16,1,0,12,47,11,4,0,3,0,2,0,0,0,0,0,0,0,1,0,0,0,1
keyboard,0,3,0,2,2,0,1,0,1,0,0,14,0,0,48,12,7,2,0,1,0,1,0,0,0,0,0,0,0,1,0,0,0,0
desktop,0,3,0,1,1,2,2,1,6,1,0,23,1,0,9,8,6,1,0,5,0,1,0,0,0,0,0,0,0,0,0,0,0,1
desk-drawer,0,0,0,1,0,0,1,0,0,0,0,4,0,0,6,1,2,12,0,0,1,1,0,0,0,0,0,0,0,0,0,0,0,1
desk-fence,0,0,0,1,0,0,0,1,1,0,0,0,0,0,1,0,0,0,0,0,0,0,0,0,0,0,0,0,0,0,0,0,0,0
chair-arm,0,1,0,0,0,0,0,2,0,0,0,5,0,0,8,2,3,2,1,2,0,0,0,0,0,0,0,0,0,0,0,0,0,0
chair-cushion,0,0,0,0,0,0,0,0,0,0,0,0,0,0,0,0,0,0,0,0,0,0,0,0,0,0,0,0,0,1,0,0,0,0
chair-back,0,1,0,1,1,0,3,4,1,0,0,0,0,2,1,0,2,1,0,2,0,1,0,0,0,0,0,0,0,0,0,0,0,2
controller,0,0,0,0,0,0,0,0,0,0,0,0,0,0,0,0,0,0,0,0,0,0,0,0,0,0,0,0,0,0,0,0,0,0
printer,0,1,0,0,0,0,0,0,0,0,0,0,0,0,0,0,0,0,0,0,0,0,0,0,0,0,0,0,0,0,0,0,0,0
door,0,0,0,0,0,0,0,0,0,0,0,0,0,0,0,0,0,0,0,0,0,0,0,0,0,0,0,0,0,0,0,0,0,0
window,0,0,0,0,0,0,0,0,0,0,0,0,0,0,0,0,0,0,0,0,0,0,0,0,0,0,0,0,0,0,0,0,0,0
waterdispenser,0,0,0,0,0,0,0,0,0,0,0,0,0,0,0,0,0,0,0,0,0,0,0,0,0,0,0,0,0,0,0,0,0,0
tissuedispenser,0,0,0,0,1,0,0,0,0,0,0,0,0,0,0,0,0,0,0,0,0,0,0,0,0,0,0,0,0,0,0,0,0,0
trashcan,0,0,0,0,0,0,0,0,0,0,0,0,0,0,0,0,0,0,0,0,0,0,0,0,0,0,0,0,0,0,0,0,0,0
cabinet,0,0,0,0,1,0,0,1,0,0,0,2,0,0,0,0,0,1,0,0,0,0,0,0,0,0,0,0,0,1,0,0,0,0
printerdesk,0,0,0,0,0,0,0,0,0,0,0,0,0,0,0,0,0,0,0,0,0,0,0,0,0,0,0,0,0,0,0,0,0,0
printerchair,0,0,0,0,1,0,0,0,0,0,0,0,0,0,0,0,0,0,0,0,0,0,0,0,0,0,0,0,0,0,0,1,0,0
hanger,0,0,0,0,0,0,0,0,0,0,0,0,0,0,0,0,0,0,0,0,0,0,0,0,0,0,0,0,0,0,0,0,0,0
leave,0,0,0,0,0,0,0,0,0,0,0,0,0,0,0,0,0,0,0,0,0,0,0,0,0,0,0,0,0,0,0,0,0,15
5,Entry,head,shouler,arm,hand,body,"hip,leg,foot",bag,cup,earphone,glasses,mobilephone,overcoat,pillow,mouse,keyboard,desktop,desk-drawer,desk-fence,chair-arm,chair-cushion,chair-back,controller,printer,door,window,waterdispenser,tissuedispenser,trashcan,cabinet,printerdesk,printerchair,hanger,leave
Entry,0,0,0,0,0,0,0,0,0,1,0,0,0,0,0,1,0,0,0,0,0,0,0,0,0,0,0,0,0,0,0,0,0,0
head,0,0,0,0,0,0,0,0,0,0,0,0,0,0,1,0,0,0,0,0,0,0,0,0,0,0,0,0,0,0,0,0,0,0
shouler,0,0,0,0,0,0,0,0,0,0,0,0,0,0,0,0,0,0,0,0,0,0,0,0,0,0,0,0,0,0,0,0,0,0
arm,0,0,0,0,0,0,0,0,0,0,0,0,0,0,0,0,0,0,0,0,0,0,0,0,0,0,0,0,0,0,0,0,0,0
hand,0,0,0,0,0,0,0,0,0,0,0,0,0,0,0,0,0,0,0,0,0,0,0,0,0,0,0,0,0,0,0,0,0,0
body,0,0,0,0,0,0,0,0,0,0,0,0,0,0,0,0,0,0,0,0,0,0,0,0,0,0,0,0,0,0,0,0,0,0
"hip,leg,foot",0,0,0,0,0,0,0,0,0,0,0,0,0,0,0,0,0,0,0,0,0,0,0,0,0,0,0,0,0,0,0,0,0,0
bag,0,0,0,0,0,0,0,0,1,1,0,0,0,0,0,0,0,0,0,0,0,1,0,0,0,0,0,0,0,0,0,0,0,0
cup,0,0,0,0,0,0,0,0,0,0,0,0,0,0,0,1,1,0,0,0,0,0,0,0,0,0,0,0,0,0,0,0,0,0
earphone,0,0,0,0,0,0,0,0,0,0,0,0,0,0,0,0,0,0,0,0,0,0,0,0,0,0,0,1,0,0,0,0,0,2
glasses,0,0,0,0,0,0,0,0,0,0,0,0,0,0,0,0,0,0,0,0,0,0,0,0,0,0,0,0,0,0,0,0,0,0
mobilephone,0,0,0,0,0,0,0,0,0,0,0,0,0,0,0,0,0,0,0,0,0,0,0,0,0,0,0,0,0,0,0,0,0,0
overcoat,0,0,0,0,0,0,0,0,0,0,0,0,0,0,0,0,0,0,0,0,0,0,0,0,0,0,0,0,0,0,0,0,0,0
pillow,0,0,0,0,0,0,0,0,0,0,0,0,0,0,0,0,0,0,0,0,0,0,0,0,0,0,0,0,0,0,0,0,0,0
mouse,0,0,0,0,0,0,0,0,0,0,0,0,0,0,0,5,1,0,0,0,0,0,0,0,0,0,0,0,0,0,0,0,0,0
keyboard,0,1,0,0,0,0,0,2,0,0,0,0,0,0,4,0,0,0,0,0,0,0,0,0,0,0,0,0,0,0,0,0,0,1
desktop,0,0,0,0,0,0,0,0,1,0,0,0,0,0,0,1,0,0,0,0,0,0,0,0,0,0,0,0,0,0,0,0,0,0
desk-drawer,0,0,0,0,0,0,0,0,0,0,0,0,0,0,0,0,0,0,0,0,0,0,0,0,0,0,0,0,0,0,0,0,0,0
desk-fence,0,0,0,0,0,0,0,0,0,0,0,0,0,0,0,0,0,0,0,0,0,0,0,0,0,0,0,0,0,0,0,0,0,0
chair-arm,0,0,0,0,0,0,0,0,0,0,0,0,0,0,0,0,0,0,0,0,0,0,0,0,0,0,0,0,0,0,0,0,0,0
chair-cushion,0,0,0,0,0,0,0,0,0,0,0,0,0,0,0,0,0,0,0,0,0,0,0,0,0,0,0,0,0,0,0,0,0,0
chair-back,0,0,0,0,0,0,0,1,0,0,0,0,0,0,0,0,0,0,0,0,0,0,0,0,0,0,0,0,0,0,0,0,0,0
controller,0,0,0,0,0,0,0,0,0,0,0,0,0,0,0,0,0,0,0,0,0,0,0,0,0,0,0,0,0,0,0,0,0,0
printer,0,0,0,0,0,0,0,0,0,0,0,0,0,0,0,0,0,0,0,0,0,0,0,0,0,0,0,0,0,0,0,0,0,0
door,0,0,0,0,0,0,0,0,0,0,0,0,0,0,0,0,0,0,0,0,0,0,0,0,0,0,0,0,0,0,0,0,0,0
window,0,0,0,0,0,0,0,0,0,0,0,0,0,0,0,0,0,0,0,0,0,0,0,0,0,0,0,0,0,0,0,0,0,0
waterdispenser,0,0,0,0,0,0,0,0,0,0,0,0,0,0,0,0,0,0,0,0,0,0,0,0,0,0,0,0,0,0,0,0,0,0
tissuedispenser,0,0,0,0,0,0,0,0,0,1,0,0,0,0,0,0,0,0,0,0,0,0,0,0,0,0,0,0,0,0,0,0,0,0
trashcan,0,0,0,0,0,0,0,0,0,0,0,0,0,0,0,0,0,0,0,0,0,0,0,0,0,0,0,0,0,0,0,0,0,0
cabinet,0,0,0,0,0,0,0,0,0,0,0,0,0,0,0,0,0,0,0,0,0,0,0,0,0,0,0,0,0,0,0,0,0,0
printerdesk,0,0,0,0,0,0,0,0,0,0,0,0,0,0,0,0,0,0,0,0,0,0,0,0,0,0,0,0,0,0,0,0,0,0
printerchair,0,0,0,0,0,0,0,0,0,0,0,0,0,0,0,0,0,0,0,0,0,0,0,0,0,0,0,0,0,0,0,0,0,0
hanger,0,0,0,0,0,0,0,0,0,0,0,0,0,0,0,0,0,0,0,0,0,0,0,0,0,0,0,0,0,0,0,0,0,0
leave,0,0,0,0,0,0,0,0,0,0,0,0,0,0,0,0,0,0,0,0,0,0,0,0,0,0,0,0,0,0,0,0,0,2
6,Entry,head,shouler,arm,hand,body,"hip,leg,foot",bag,cup,earphone,glasses,mobilephone,overcoat,pillow,mouse,keyboard,desktop,desk-drawer,desk-fence,chair-arm,chair-cushion,chair-back,controller,printer,door,window,waterdispenser,tissuedispenser,trashcan,cabinet,printerdesk,printerchair,hanger,leave
Entry,0,0,0,0,0,0,0,0,2,0,0,4,0,0,0,0,1,0,0,1,0,4,0,0,1,0,0,0,0,0,0,0,0,1
head,0,6,0,0,1,0,4,0,0,0,0,4,0,0,0,0,66,0,0,0,0,0,0,0,0,0,0,0,0,0,0,0,0,1
shouler,0,1,0,0,0,0,0,0,0,0,0,0,0,0,0,0,2,0,0,0,0,0,0,0,0,0,0,0,0,0,0,0,0,0
arm,0,0,0,0,0,0,0,0,0,0,0,0,0,0,0,0,1,0,0,0,0,0,0,0,0,0,0,0,0,0,0,0,0,0
hand,0,0,0,0,0,0,2,0,0,0,0,0,0,0,0,0,10,0,0,0,0,1,0,0,0,0,0,0,0,0,0,0,0,0
body,0,0,0,0,0,0,0,0,0,0,0,0,0,0,0,0,0,0,0,2,0,1,0,0,0,0,0,0,0,0,0,0,0,0
"hip,leg,foot",0,4,0,0,0,1,0,1,0,0,0,11,0,0,0,0,15,1,0,0,0,2,0,0,0,0,0,0,0,0,0,0,0,2
bag,0,0,0,0,0,0,2,4,0,0,1,1,0,0,1,1,2,0,0,1,0,2,0,0,0,0,0,0,0,0,0,0,0,1
cup,0,0,0,0,0,0,0,0,2,0,0,2,0,0,0,0,4,0,0,2,0,1,0,0,0,0,0,0,0,0,0,0,0,0
earphone,0,0,0,0,0,0,0,0,0,0,0,0,0,0,0,0,0,0,0,0,0,0,0,0,0,0,0,0,0,0,0,0,0,0
glasses,0,0,0,0,0,0,0,1,0,0,0,0,0,0,0,0,3,1,0,0,0,0,0,0,0,0,0,0,0,0,0,0,0,0
mobilephone,0,9,0,0,0,1,11,0,1,0,0,4,0,0,1,2,40,1,0,1,0,2,0,0,0,0,0,0,0,0,0,0,0,7
overcoat,0,0,0,0,0,0,0,0,0,0,0,0,0,0,0,0,0,0,0,0,0,0,0,0,0,0,0,0,0,0,0,0,0,0
pillow,0,0,0,0,0,0,0,0,0,0,0,0,0,0,0,0,0,0,0,0,0,0,0,0,0,0,0,0,0,0,0,0,0,0
mouse,0,0,0,0,0,0,0,1,0,0,0,1,0,0,0,5,1,0,0,0,0,0,0,0,0,0,0,0,0,0,0,0,0,0
keyboard,0,0,0,0,0,0,0,1,0,0,0,2,0,0,4,0,2,0,0,0,0,0,0,0,0,0,0,0,0,0,0,0,0,0
desktop,0,61,3,1,11,1,16,4,3,0,4,41,0,0,2,1,7,1,0,4,0,0,0,0,0,0,0,0,0,0,0,0,0,2
desk-drawer,0,0,0,0,0,0,1,0,0,0,0,1,0,0,0,0,1,2,0,0,0,0,0,0,0,0,0,0,0,0,0,0,0,1
desk-fence,0,0,0,0,0,0,0,0,0,0,0,0,0,0,0,0,0,0,0,0,0,0,0,0,0,0,0,0,0,0,0,0,0,0
chair-arm,0,1,0,0,0,0,0,0,3,0,0,5,0,0,0,0,5,0,0,0,0,1,0,0,0,0,0,0,0,0,0,0,0,0
chair-cushion,0,0,0,0,0,0,0,0,0,0,0,0,0,0,0,0,0,0,0,0,0,0,0,0,0,0,0,0,0,0,0,0,0,0
chair-back,0,0,0,0,1,0,1,4,0,0,0,3,0,0,0,0,2,0,0,3,0,5,0,0,0,0,0,0,0,0,0,0,0,0
controller,0,0,0,0,0,0,0,0,0,0,0,0,0,0,0,0,0,0,0,0,0,0,0,0,0,0,0,0,0,0,0,0,0,0
printer,0,0,0,0,0,0,0,0,0,0,0,0,0,0,0,0,0,0,0,0,0,0,0,0,0,0,0,0,0,0,0,0,0,0
door,0,0,0,0,0,0,0,0,0,0,0,0,0,0,0,0,0,0,0,1,0,0,0,0,0,0,0,0,0,0,0,0,0,0
window,0,0,0,0,0,0,0,0,0,0,0,0,0,0,0,0,0,0,0,0,0,0,0,0,0,0,0,0,0,0,0,0,0,0
waterdispenser,0,0,0,0,0,0,0,0,0,0,0,0,0,0,0,0,0,0,0,0,0,0,0,0,0,0,0,0,0,0,0,0,0,0
tissuedispenser,0,0,0,0,0,0,0,0,0,0,0,0,0,0,0,0,0,0,0,0,0,0,0,0,0,0,0,0,0,0,0,0,0,0
trashcan,0,0,0,0,0,0,0,0,0,0,0,0,0,0,0,0,0,0,0,0,0,0,0,0,0,0,0,0,0,0,0,0,0,0
cabinet,0,0,0,0,0,0,0,0,0,0,0,0,0,0,0,0,0,0,0,0,0,0,0,0,0,0,0,0,0,0,0,0,0,0
printerdesk,0,0,0,0,0,0,0,0,0,0,0,0,0,0,0,0,0,0,0,0,0,0,0,0,0,0,0,0,0,0,0,0,0,0
printerchair,0,0,0,0,0,0,0,0,0,0,0,0,0,0,0,0,0,0,0,0,0,0,0,0,0,0,0,0,0,0,0,0,0,0
hanger,0,0,0,0,0,0,0,0,0,0,0,0,0,0,0,0,0,0,0,0,0,0,0,0,0,0,0,0,0,0,0,0,0,0
leave,0,0,0,0,0,0,0,0,0,0,0,0,0,0,0,0,0,0,0,0,0,0,0,0,0,0,0,0,0,0,0,0,0,14
10,Entry,head,shouler,arm,hand,body,"hip,leg,foot",bag,cup,earphone,glasses,mobilephone,overcoat,pillow,mouse,keyboard,desktop,desk-drawer,desk-fence,chair-arm,chair-cushion,chair-back,controller,printer,door,window,waterdispenser,tissuedispenser,trashcan,cabinet,printerdesk,printerchair,hanger,leave
Entry,0,0,0,0,1,0,1,3,0,0,0,4,0,0,0,0,4,0,0,0,0,3,0,0,0,0,0,0,0,0,0,0,0,0
head,0,9,0,0,7,1,15,1,0,2,2,23,0,0,0,0,17,0,0,1,0,1,0,0,0,0,0,0,0,0,0,0,0,0
shouler,0,1,1,0,0,3,0,0,0,0,0,2,0,0,0,0,6,0,0,0,1,0,0,0,0,0,0,0,0,0,0,0,0,0
arm,0,1,0,1,0,1,3,0,0,0,0,0,0,0,0,0,0,0,0,0,0,0,0,0,0,0,0,0,0,0,0,0,0,0
hand,0,9,0,1,69,0,9,1,0,0,0,11,0,0,0,0,16,0,0,6,0,0,0,0,0,0,0,0,0,0,0,0,0,0
body,0,1,1,0,0,0,3,0,0,0,0,1,0,0,0,0,5,0,0,0,1,0,0,0,1,0,0,0,0,0,0,0,0,0
"hip,leg,foot",0,15,1,2,9,4,9,0,0,1,1,12,0,0,0,0,7,2,0,1,1,1,0,0,0,0,0,0,0,0,0,0,0,1
bag,0,1,0,0,1,0,0,9,2,2,2,7,0,0,0,0,8,1,1,3,0,1,0,0,0,0,0,0,0,0,0,0,0,3
cup,0,0,0,0,0,0,0,0,0,0,0,3,0,0,0,0,0,0,0,0,0,0,0,0,0,0,0,0,0,0,0,0,0,0
earphone,0,3,0,1,0,0,0,0,0,1,0,7,0,0,0,0,3,0,0,0,0,0,0,0,0,0,0,0,0,0,0,0,0,0
glasses,0,0,1,0,1,0,1,1,0,0,0,8,0,0,0,0,3,0,0,1,0,0,0,0,0,0,0,0,0,0,0,0,0,0
mobilephone,0,22,4,0,10,1,11,13,0,3,8,4,1,0,0,0,60,0,0,3,0,3,0,0,0,0,0,0,0,0,0,0,0,5
overcoat,0,0,0,0,0,0,0,0,0,0,0,1,0,0,0,0,0,0,0,0,0,0,0,0,0,0,0,0,0,0,0,0,0,0
pillow,0,0,0,0,0,0,0,0,0,0,0,0,0,0,0,0,0,0,0,0,0,0,0,0,0,0,0,0,0,0,0,0,0,0
mouse,0,0,0,0,1,0,0,0,0,0,0,0,0,0,0,5,0,0,0,0,0,0,0,0,0,0,0,0,0,0,0,0,0,0
keyboard,0,0,0,0,0,0,0,0,0,0,0,0,0,0,6,0,0,0,0,0,0,0,0,0,0,0,0,0,0,0,0,0,0,0
desktop,0,13,4,1,19,2,7,9,1,5,3,60,0,0,0,1,20,2,0,4,0,3,0,1,1,0,0,0,0,0,0,0,0,2
desk-drawer,0,1,0,0,0,0,3,1,0,0,0,0,0,0,0,0,0,3,0,2,0,0,0,0,0,0,0,0,0,0,0,0,0,0
desk-fence,0,0,0,0,0,0,0,0,0,0,0,0,0,0,0,0,0,0,0,0,0,1,0,0,0,0,0,0,0,0,0,0,0,0
chair-arm,0,3,0,0,2,0,3,3,0,1,0,2,0,0,0,0,1,2,0,1,1,1,0,0,0,0,0,0,0,0,0,0,0,3
chair-cushion,0,0,2,0,2,0,0,0,0,0,0,0,0,0,0,0,0,0,0,0,4,0,0,0,0,0,0,0,0,0,0,0,0,0
chair-back,0,0,0,0,0,1,1,0,0,0,0,3,0,0,0,0,7,0,0,1,0,4,0,0,0,0,0,0,0,0,0,0,0,1
controller,0,0,0,0,0,0,0,0,0,0,0,0,0,0,0,0,0,0,0,0,0,0,0,0,1,0,0,0,0,0,0,0,0,0
printer,0,0,0,0,0,0,0,0,0,0,0,0,0,0,0,0,1,0,0,0,0,0,0,4,0,0,0,0,0,0,0,0,0,0
door,0,0,0,0,0,0,1,0,0,0,0,0,0,0,0,0,0,0,0,0,0,0,1,0,1,0,0,0,0,0,0,0,0,1
window,0,0,0,0,0,0,0,0,0,0,0,0,0,0,0,0,0,0,0,0,0,0,0,0,0,0,0,0,0,0,0,0,0,0
waterdispenser,0,0,0,0,0,0,0,0,0,0,0,0,0,0,0,0,0,0,0,0,0,0,0,0,0,0,0,0,0,0,0,0,0,0
tissuedispenser,0,0,0,0,0,0,0,0,0,0,0,0,0,0,0,0,0,0,0,0,0,0,0,0,0,0,0,0,0,0,0,0,0,0
trashcan,0,0,0,0,0,0,0,0,0,0,0,0,0,0,0,0,0,0,0,0,0,0,0,0,0,0,0,0,0,0,0,0,0,0
cabinet,0,0,0,0,0,0,0,0,0,0,0,0,0,0,0,0,0,0,0,0,0,0,0,0,0,0,0,0,0,0,0,0,0,0
printerdesk,0,0,0,0,0,0,0,0,0,0,0,0,0,0,0,0,0,0,0,0,0,0,0,0,0,0,0,0,0,0,0,0,0,0
printerchair,0,0,0,0,0,0,0,0,0,0,0,0,0,0,0,0,0,0,0,0,0,0,0,0,0,0,0,0,0,0,0,0,0,0
hanger,0,0,0,0,0,0,0,0,0,0,0,0,0,0,0,0,0,0,0,0,0,0,0,0,0,0,0,0,0,0,0,0,0,0
leave,0,0,0,0,0,0,0,0,0,0,0,0,0,0,0,0,0,0,0,0,0,0,0,0,0,0,0,0,0,0,0,0,0,16
11,Entry,head,shouler,arm,hand,body,"hip,leg,foot",bag,cup,earphone,glasses,mobilephone,overcoat,pillow,mouse,keyboard,desktop,desk-drawer,desk-fence,chair-arm,chair-cushion,chair-back,controller,printer,door,window,waterdispenser,tissuedispenser,trashcan,cabinet,printerdesk,printerchair,hanger,leave
Entry,0,0,0,0,1,0,0,0,0,0,0,3,0,0,1,0,3,1,1,0,0,1,0,0,0,0,0,0,0,0,0,0,0,1
head,0,4,0,0,1,10,9,0,0,1,0,4,0,0,8,2,21,0,0,1,0,0,0,0,0,0,0,0,0,0,0,0,0,0
shouler,0,0,0,0,0,1,0,0,0,0,0,0,0,0,1,0,0,0,0,0,0,0,0,0,0,0,0,0,0,0,0,0,0,0
arm,0,1,0,0,0,1,1,0,0,0,0,1,0,0,1,0,0,0,0,0,0,0,0,0,0,0,0,0,0,0,0,0,0,0
hand,0,0,0,0,0,1,4,1,0,1,0,1,0,0,8,0,4,0,1,1,0,0,0,0,0,0,0,0,0,0,0,0,0,0
body,0,13,0,1,2,13,4,1,0,0,0,5,0,0,3,0,7,0,0,0,0,2,0,0,0,0,0,0,0,0,0,0,0,0
"hip,leg,foot",0,8,0,2,1,9,4,0,1,2,0,8,0,0,13,0,36,1,0,1,0,2,0,1,1,0,0,0,0,1,0,0,0,1
bag,0,0,0,0,0,0,0,1,0,3,0,7,0,0,4,0,4,0,0,0,0,0,0,0,0,0,0,0,0,0,0,0,0,1
cup,0,0,0,0,0,0,0,0,0,0,0,0,0,0,4,0,5,1,0,3,0,0,0,0,0,0,0,0,0,0,0,0,0,0
earphone,0,1,0,0,1,0,2,1,0,3,0,0,0,0,13,1,9,1,0,0,0,1,0,0,0,0,0,0,0,0,0,0,0,1
glasses,0,0,0,0,0,0,0,0,0,0,0,0,0,0,0,0,0,0,0,0,0,0,0,0,0,0,0,0,0,0,0,0,0,0
mobilephone,0,2,0,0,0,5,11,4,1,4,0,8,0,0,58,6,29,1,0,4,1,2,0,0,0,0,0,0,0,0,0,0,0,5
overcoat,0,0,0,0,0,0,0,0,0,0,0,0,0,0,0,0,0,0,0,0,0,0,0,0,0,0,0,0,0,0,0,0,0,0
pillow,0,0,0,0,0,0,0,0,0,0,0,0,0,0,0,0,0,0,0,0,0,0,0,0,0,0,0,0,0,0,0,0,0,0
mouse,0,9,2,2,9,1,13,3,6,10,0,65,0,0,15,121,53,5,1,6,0,3,0,1,0,0,0,0,0,0,0,0,0,0
keyboard,0,3,0,0,1,0,1,0,0,1,0,4,0,0,121,2,3,0,0,0,0,0,0,0,0,0,0,0,0,0,0,0,0,0
desktop,0,18,0,0,6,9,31,8,4,6,0,30,0,0,56,4,24,2,0,5,0,0,0,0,0,0,0,0,0,0,1,0,0,1
desk-drawer,0,0,0,0,0,0,0,0,0,1,0,3,0,0,6,0,1,3,0,1,0,1,0,0,0,0,0,0,0,0,0,0,0,1
desk-fence,0,0,0,0,0,0,0,0,0,0,0,0,0,0,1,0,1,0,0,1,0,0,0,0,0,0,0,0,0,0,0,0,0,0
chair-arm,0,0,0,0,0,1,5,1,0,1,0,2,0,0,11,0,2,1,0,0,0,0,0,0,0,0,1,0,0,0,0,0,0,1
chair-cushion,0,0,0,0,0,0,1,0,0,0,0,0,0,0,0,0,0,0,0,0,0,0,0,0,0,0,0,0,0,0,0,0,0,0
chair-back,0,2,0,0,0,0,3,0,0,1,0,0,0,0,1,0,2,0,0,3,0,5,0,0,0,0,0,0,0,1,0,0,0,0
controller,0,0,0,0,0,0,0,0,0,0,0,0,0,0,0,0,0,0,0,0,0,0,0,0,0,0,0,0,0,0,0,0,0,0
printer,0,0,0,0,0,0,1,0,0,0,0,0,0,0,0,0,0,1,0,0,0,0,0,1,0,0,0,0,0,0,1,0,0,0
door,0,0,0,0,0,0,0,0,0,0,0,0,0,0,0,0,0,0,0,0,0,0,0,0,1,0,0,0,0,0,0,0,0,1
window,0,0,0,0,0,0,0,0,0,0,0,0,0,0,0,0,0,0,0,0,0,0,0,0,0,0,0,0,0,0,0,0,0,0
waterdispenser,0,0,0,0,0,0,0,0,1,0,0,0,0,0,0,0,0,0,0,0,0,0,0,0,0,0,1,0,0,0,0,0,0,0
tissuedispenser,0,0,0,0,0,0,0,0,0,0,0,0,0,0,0,0,0,0,0,0,0,0,0,0,0,0,0,0,0,0,0,0,0,0
trashcan,0,0,0,0,0,0,0,0,0,0,0,0,0,0,0,0,0,0,0,0,0,0,0,0,0,0,0,0,0,0,0,0,0,0
cabinet,0,0,0,0,0,0,2,0,0,0,0,0,0,0,0,0,0,0,0,0,0,0,0,0,0,0,0,0,0,0,0,0,0,1
printerdesk,0,0,0,0,0,0,0,0,0,0,0,0,0,0,0,0,0,0,0,0,0,1,0,1,0,0,0,0,0,0,0,0,0,0
printerchair,0,0,0,0,0,0,0,0,0,0,0,0,0,0,0,0,0,0,0,0,0,0,0,0,0,0,0,0,0,0,0,0,0,0
hanger,0,0,0,0,0,0,0,0,0,0,0,0,0,0,0,0,0,0,0,0,0,0,0,0,0,0,0,0,0,0,0,0,0,0
leave,0,0,0,0,0,0,0,0,0,0,0,0,0,0,0,0,0,0,0,0,0,0,0,0,0,0,0,0,0,0,0,0,0,12
12,Entry,head,shouler,arm,hand,body,"hip,leg,foot",bag,cup,earphone,glasses,mobilephone,overcoat,pillow,mouse,keyboard,desktop,desk-drawer,desk-fence,chair-arm,chair-cushion,chair-back,controller,printer,door,window,waterdispenser,tissuedispenser,trashcan,cabinet,printerdesk,printerchair,hanger,leave
Entry,0,3,0,0,0,0,0,0,0,0,2,2,0,0,0,1,1,0,0,1,0,1,0,0,0,0,0,0,0,0,0,0,0,0
head,0,69,0,2,19,7,17,1,2,0,17,22,0,0,39,1,37,0,0,8,0,1,0,0,0,0,0,0,0,0,0,0,0,1
shouler,0,0,0,0,0,1,0,0,0,0,0,0,0,0,0,0,0,0,0,0,0,0,0,0,0,0,0,0,0,0,0,0,0,0
arm,0,0,0,1,2,0,1,1,0,0,0,0,0,0,2,0,2,0,0,0,0,0,0,0,0,0,0,0,0,0,0,0,0,0
hand,0,21,0,0,23,6,5,1,3,0,10,0,0,0,6,0,8,0,0,12,0,0,0,0,0,0,0,0,0,0,0,0,0,1
body,0,6,1,0,8,3,8,1,0,1,5,6,0,0,5,0,5,0,0,5,0,0,0,0,0,0,0,0,0,0,0,0,0,0
"hip,leg,foot",0,12,0,2,8,7,16,3,1,0,8,10,0,0,8,0,13,0,0,10,2,1,0,1,0,0,0,0,0,0,0,0,0,0
bag,0,3,0,0,3,1,2,13,3,1,2,5,0,0,3,2,18,0,0,6,0,0,0,0,0,0,0,0,0,0,0,0,0,5
cup,0,0,0,0,1,3,0,2,0,0,1,1,0,0,0,1,4,0,0,2,0,1,0,0,0,0,0,0,0,0,0,0,0,0
earphone,0,0,0,0,0,0,0,0,0,0,0,2,0,0,3,0,3,0,0,0,0,0,0,0,0,0,0,0,0,0,0,0,0,0
glasses,0,23,0,0,5,3,9,5,0,1,0,10,0,0,8,3,2,0,0,12,1,0,0,0,0,0,0,0,0,0,0,0,0,1
mobilephone,0,26,0,1,1,7,9,6,0,3,10,8,0,0,59,5,19,0,0,9,0,0,0,0,0,0,0,0,0,0,0,0,0,1
overcoat,0,0,0,0,0,0,0,0,0,0,0,0,0,0,0,0,0,0,0,0,0,0,0,0,0,0,0,0,0,0,0,0,0,0
pillow,0,0,0,0,0,0,0,1,0,0,0,0,0,0,0,0,0,0,0,0,0,0,0,0,0,0,0,0,0,0,0,0,0,0
mouse,0,35,0,1,4,8,10,4,0,1,9,62,0,0,16,71,29,0,0,1,1,0,0,0,0,0,0,0,0,0,0,0,0,0
keyboard,0,1,0,0,0,0,0,1,1,0,3,2,0,1,77,1,11,0,0,1,0,0,0,0,0,0,0,0,0,0,0,0,0,0
desktop,0,36,0,2,9,5,13,14,1,1,7,24,0,0,22,10,25,1,0,13,0,1,0,0,0,0,0,0,0,0,0,0,0,2
desk-drawer,0,0,0,0,0,0,0,0,0,0,0,0,0,0,0,0,0,0,0,1,0,0,0,0,0,0,0,0,0,0,0,0,0,0
desk-fence,0,0,0,0,0,0,0,0,0,0,0,0,0,0,0,0,0,0,0,0,0,0,0,0,0,0,0,0,0,0,0,0,0,0
chair-arm,0,8,0,0,13,2,11,11,4,0,7,9,0,0,4,4,8,0,0,8,3,3,0,0,0,0,0,0,0,0,0,0,0,0
chair-cushion,0,0,0,0,0,1,1,0,0,0,1,1,0,0,0,0,1,0,0,2,0,0,0,0,0,0,0,0,0,0,0,0,0,0
chair-back,0,0,0,0,0,0,0,2,1,0,1,0,0,0,0,0,0,0,0,4,0,2,0,0,0,0,0,0,0,0,0,0,0,0
controller,0,0,0,0,0,0,0,0,0,0,0,0,0,0,0,0,0,0,0,0,0,0,0,0,0,0,0,0,0,0,0,0,0,0
printer,0,0,0,0,0,0,0,1,0,0,0,0,0,0,0,0,0,0,0,0,0,0,0,0,0,0,0,0,0,0,0,0,0,0
door,0,0,0,0,0,0,0,0,0,0,0,0,0,0,0,0,0,0,0,0,0,0,0,0,0,0,0,0,0,0,0,0,0,0
window,0,0,0,0,0,0,0,0,0,0,0,0,0,0,0,0,0,0,0,0,0,0,0,0,0,0,0,0,0,0,0,0,0,0
waterdispenser,0,0,0,0,0,0,0,0,0,0,0,0,0,0,0,0,0,0,0,0,0,0,0,0,0,0,0,0,0,0,0,0,0,0
tissuedispenser,0,0,0,0,0,0,0,0,0,0,0,0,0,0,0,0,0,0,0,0,0,0,0,0,0,0,0,0,0,0,0,0,0,0
trashcan,0,0,0,0,0,0,0,0,0,0,0,0,0,0,0,0,0,0,0,0,0,0,0,0,0,0,0,0,0,0,0,0,0,0
cabinet,0,0,0,0,0,0,0,0,0,0,0,0,0,0,0,0,0,0,0,0,0,0,0,0,0,0,0,0,0,0,0,0,0,0
printerdesk,0,0,0,0,0,0,0,0,0,0,0,0,0,0,0,0,0,0,0,0,0,0,0,0,0,0,0,0,0,0,0,0,0,0
printerchair,0,0,0,0,0,0,0,0,0,0,0,0,0,0,0,0,0,0,0,0,0,0,0,0,0,0,0,0,0,0,0,0,0,0
hanger,0,0,0,0,0,0,0,0,0,0,0,0,0,0,0,0,0,0,0,0,0,0,0,0,0,0,0,0,0,0,0,0,0,0
leave,0,0,0,0,0,0,0,0,0,0,0,0,0,0,0,0,0,0,0,0,0,0,0,0,0,0,0,0,0,0,0,0,0,11
13,Entry,head,shouler,arm,hand,body,"hip,leg,foot",bag,cup,earphone,glasses,mobilephone,overcoat,pillow,mouse,keyboard,desktop,desk-drawer,desk-fence,chair-arm,chair-cushion,chair-back,controller,printer,door,window,waterdispenser,tissuedispenser,trashcan,cabinet,printerdesk,printerchair,hanger,leave
Entry,0,2,0,0,2,0,0,3,0,0,0,0,0,0,0,1,1,0,0,0,0,1,0,3,0,0,0,0,0,0,1,0,0,0
head,0,13,1,2,6,2,3,9,1,0,6,2,0,0,1,15,10,0,0,0,0,2,0,8,0,0,0,0,0,0,0,0,0,3
shouler,0,2,1,0,1,1,0,1,0,0,1,0,0,0,1,2,1,0,0,0,0,1,0,1,0,0,0,0,0,0,0,0,0,0
arm,0,2,0,0,0,0,1,0,0,0,1,1,0,0,0,4,1,0,0,0,0,0,0,0,0,0,0,0,0,0,0,0,0,0
hand,0,3,1,1,1,0,1,3,0,0,0,0,0,0,1,4,4,0,0,0,0,1,0,3,0,0,0,0,0,0,0,0,0,1
body,0,1,0,0,0,0,2,0,0,0,0,1,0,0,0,0,0,0,0,0,0,2,0,1,0,0,0,0,0,0,0,0,0,0
"hip,leg,foot",0,3,1,2,0,2,1,2,0,0,1,5,0,0,2,7,0,0,0,0,0,0,0,4,0,0,0,0,0,0,1,0,0,0
bag,0,8,4,0,2,0,1,13,0,0,2,4,2,0,0,8,12,0,0,0,0,1,0,2,0,0,0,0,0,0,0,0,0,6
cup,0,0,0,0,0,0,0,0,0,0,0,0,0,0,0,0,2,0,0,0,0,0,0,0,0,0,0,0,0,0,0,0,0,0
earphone,0,0,0,0,0,0,0,0,0,0,0,0,0,0,0,0,0,0,0,0,0,0,0,0,0,0,0,0,0,0,0,0,0,0
glasses,0,9,1,0,0,0,1,2,0,0,0,0,0,0,0,2,3,0,0,0,0,0,0,0,0,0,0,0,0,0,0,0,0,0
mobilephone,0,2,0,0,0,0,5,3,0,0,0,2,0,0,0,7,0,0,0,0,0,1,0,0,0,0,0,0,0,0,0,0,0,1
overcoat,0,0,0,0,0,0,0,1,0,0,0,0,0,0,0,0,1,0,0,0,0,0,0,0,0,0,0,0,0,0,0,0,0,0
pillow,0,0,0,0,0,0,0,0,0,0,0,0,0,0,0,0,0,0,0,0,0,0,0,0,0,0,0,0,0,0,0,0,0,0
mouse,0,1,1,0,1,0,1,1,0,0,0,0,0,0,2,13,1,0,0,2,0,0,0,0,0,0,0,0,0,0,0,0,0,0
keyboard,0,16,0,3,3,1,8,9,0,0,4,6,0,0,12,10,14,0,0,1,0,2,0,0,0,0,0,0,0,0,0,0,0,0
desktop,0,10,1,1,6,0,1,16,1,0,1,0,0,0,3,11,23,2,1,2,0,0,0,1,0,0,0,0,0,0,0,0,0,0
desk-drawer,0,0,0,0,0,0,0,0,0,0,0,0,0,0,0,0,2,1,0,0,0,0,0,0,0,0,0,0,0,0,0,0,0,0
desk-fence,0,0,0,0,0,0,0,0,0,0,0,0,0,0,0,0,1,0,1,0,0,0,0,0,0,0,0,0,0,0,0,0,0,0
chair-arm,0,0,0,1,0,0,1,0,0,0,0,0,0,0,1,2,1,0,0,0,0,0,0,0,0,0,0,0,0,0,0,0,0,0
chair-cushion,0,0,0,0,0,0,0,0,0,0,0,0,0,0,0,0,0,0,0,0,0,0,0,0,0,0,0,0,0,0,0,0,0,0
chair-back,0,1,0,0,0,0,2,0,0,0,0,0,0,0,0,3,1,0,0,1,0,0,0,2,0,0,0,0,0,0,1,0,0,0
controller,0,0,0,0,0,0,0,0,0,0,0,0,0,0,0,0,0,0,0,0,0,0,0,0,0,0,0,0,0,0,0,0,0,0
printer,0,11,2,0,2,1,2,1,0,0,2,0,0,0,0,0,2,0,0,0,0,0,0,32,0,0,0,0,0,0,3,0,0,3
door,0,0,0,0,0,0,0,0,0,0,0,0,0,0,0,0,0,0,0,0,0,0,0,0,0,0,0,0,0,0,0,0,0,0
window,0,0,0,0,0,0,0,0,0,0,0,0,0,0,0,0,0,0,0,0,0,0,0,0,0,0,0,0,0,0,0,0,0,0
waterdispenser,0,0,0,0,0,0,0,0,0,0,0,0,0,0,0,0,0,0,0,0,0,0,0,0,0,0,0,0,0,0,0,0,0,0
tissuedispenser,0,0,0,0,0,0,0,0,0,0,0,0,0,0,0,0,0,0,0,0,0,0,0,0,0,0,0,0,0,0,0,0,0,0
trashcan,0,0,0,0,0,0,0,0,0,0,0,0,0,0,0,0,0,0,0,0,0,0,0,0,0,0,0,0,0,0,0,0,0,0
cabinet,0,0,0,0,0,0,0,0,0,0,0,0,0,0,0,0,0,0,0,0,0,0,0,0,0,0,0,0,0,0,0,0,0,0
printerdesk,0,0,0,0,0,0,1,1,0,0,0,0,0,0,0,0,0,0,0,0,0,0,0,4,0,0,0,0,0,0,0,0,0,0
printerchair,0,0,0,0,0,0,0,0,0,0,0,0,0,0,0,0,0,0,0,0,0,0,0,0,0,0,0,0,0,0,0,0,0,0
hanger,0,0,0,0,0,0,0,0,0,0,0,0,0,0,0,0,0,0,0,0,0,0,0,0,0,0,0,0,0,0,0,0,0,0
leave,0,0,0,0,0,0,0,0,0,0,0,0,0,0,0,0,0,0,0,0,0,0,0,0,0,0,0,0,0,0,0,0,0,14
14,Entry,head,shouler,arm,hand,body,"hip,leg,foot",bag,cup,earphone,glasses,mobilephone,overcoat,pillow,mouse,keyboard,desktop,desk-drawer,desk-fence,chair-arm,chair-cushion,chair-back,controller,printer,door,window,waterdispenser,tissuedispenser,trashcan,cabinet,printerdesk,printerchair,hanger,leave
Entry,0,2,0,0,0,1,2,1,6,1,0,5,0,0,0,0,0,0,0,0,0,1,1,0,3,0,0,3,0,0,0,0,0,0
head,0,71,6,6,40,7,27,6,13,9,1,100,4,2,18,24,194,0,1,8,0,5,0,3,0,0,0,0,0,0,0,1,0,2
shouler,0,5,3,0,0,5,3,0,0,0,0,2,1,0,1,1,6,0,0,2,0,0,0,0,0,0,0,0,0,0,0,0,0,0
arm,0,4,0,2,4,2,2,0,2,1,0,3,0,0,7,5,11,0,0,1,0,0,0,0,0,0,0,0,0,0,0,0,0,0
hand,0,37,1,2,13,3,11,2,5,5,0,7,2,0,6,3,28,0,1,7,1,1,0,0,0,0,0,0,0,0,0,0,0,1
body,0,9,2,3,0,3,11,0,4,1,0,10,1,1,0,3,5,0,0,3,0,1,0,0,0,0,0,0,0,0,0,0,0,1
"hip,leg,foot",0,30,2,4,19,4,14,5,13,6,0,22,1,4,6,6,52,0,1,23,3,4,0,1,0,0,0,0,0,0,0,0,0,3
bag,0,5,1,1,2,1,4,12,6,1,0,12,0,1,0,2,7,0,0,4,1,4,0,0,0,0,0,0,0,0,0,0,0,1
cup,0,13,1,0,7,4,14,4,29,1,0,26,1,1,9,4,35,0,1,4,0,6,0,0,0,0,2,0,0,0,0,0,0,5
earphone,0,10,0,1,2,1,3,0,1,4,0,6,0,0,8,3,21,0,0,5,0,2,0,0,0,0,0,0,0,0,0,0,0,0
glasses,0,0,0,0,0,0,0,0,0,0,0,1,0,0,0,0,1,0,0,0,0,0,0,0,0,0,0,0,0,0,0,0,0,0
mobilephone,0,107,4,4,7,10,27,8,25,6,0,20,6,1,44,7,58,0,0,14,0,8,0,0,0,0,0,1,0,0,1,0,0,3
overcoat,0,5,1,0,2,2,3,0,2,0,0,1,1,1,4,0,8,0,0,1,0,0,0,0,0,0,0,0,0,0,0,0,0,0
pillow,0,3,0,0,0,1,4,2,1,0,0,0,1,1,0,0,1,0,0,3,0,0,0,0,0,0,0,0,0,0,0,0,0,0
mouse,0,25,2,3,6,0,6,0,11,6,0,38,1,0,4,69,49,0,0,6,0,0,0,0,0,0,0,0,0,0,0,0,0,1
keyboard,0,19,1,4,3,1,11,0,3,2,0,13,1,0,66,5,19,0,0,8,2,0,0,0,0,0,0,0,0,0,0,0,0,0
desktop,0,189,4,11,21,7,40,13,31,16,1,76,6,1,44,21,40,0,0,30,0,3,0,0,0,0,0,0,0,0,0,0,0,1
desk-drawer,0,0,0,0,0,0,0,0,0,0,0,0,0,0,0,0,0,0,0,0,0,0,0,0,0,0,0,1,0,0,0,0,0,0
desk-fence,0,1,0,1,1,0,1,0,0,0,0,0,0,0,0,0,0,0,0,0,0,0,0,0,0,0,0,0,0,0,0,0,0,1
chair-arm,0,7,1,2,9,3,28,3,7,7,0,11,4,2,9,5,20,1,1,3,0,3,0,0,0,0,0,0,0,0,0,0,0,0
chair-cushion,0,1,0,0,0,1,2,0,0,1,0,0,0,0,1,0,0,0,0,2,0,0,0,0,0,0,0,0,0,0,0,0,0,0
chair-back,0,2,0,0,0,1,9,9,2,0,0,8,0,2,0,0,2,0,0,2,1,6,0,1,0,0,1,0,0,0,0,0,0,1
controller,0,0,0,0,0,0,0,0,0,0,0,0,0,0,0,0,0,0,0,0,0,1,0,0,0,0,0,0,0,0,0,0,0,0
printer,0,3,0,0,0,1,1,0,0,0,0,0,0,0,0,0,0,0,0,0,0,0,0,3,0,0,0,0,0,0,0,0,0,0
door,0,0,0,0,0,0,0,0,0,0,0,0,0,0,0,0,1,0,0,0,0,2,0,0,0,0,0,0,0,0,0,0,0,0
window,0,0,0,0,0,0,0,0,0,0,0,0,0,0,0,0,0,0,0,0,0,0,0,0,0,0,0,0,0,0,0,0,0,0
waterdispenser,0,0,0,0,0,0,0,0,3,0,0,0,0,0,0,0,0,0,0,0,0,0,0,0,0,0,0,0,0,0,0,0,0,0
tissuedispenser,0,1,0,0,0,0,0,0,1,0,0,1,1,0,0,0,0,0,0,0,0,0,0,0,0,0,0,0,0,0,0,0,0,1
trashcan,0,0,0,0,0,0,0,0,0,0,0,0,0,0,0,0,0,0,0,0,0,0,0,0,0,0,0,0,0,0,0,0,0,0
cabinet,0,0,0,0,0,0,0,0,0,0,0,0,0,0,0,0,0,0,0,0,0,0,0,0,0,0,0,0,0,0,0,0,0,0
printerdesk,0,0,0,0,0,0,0,0,2,0,0,0,0,0,0,0,0,0,0,0,0,0,0,0,0,0,0,0,0,0,0,0,0,0
printerchair,0,0,0,0,0,0,0,0,0,0,0,0,0,0,0,0,0,0,0,0,0,0,0,0,0,0,0,0,0,0,1,2,0,0
hanger,0,0,0,0,0,0,0,0,0,0,0,0,0,0,0,0,0,0,0,0,0,0,0,0,0,0,0,0,0,0,0,0,0,0
leave,0,0,0,0,0,0,0,0,0,0,0,0,0,0,0,0,0,0,0,0,0,0,0,0,0,0,0,0,0,0,0,0,0,26
16,Entry,head,shouler,arm,hand,body,"hip,leg,foot",bag,cup,earphone,glasses,mobilephone,overcoat,pillow,mouse,keyboard,desktop,desk-drawer,desk-fence,chair-arm,chair-cushion,chair-back,controller,printer,door,window,waterdispenser,tissuedispenser,trashcan,cabinet,printerdesk,printerchair,hanger,leave
Entry,0,0,0,1,2,0,6,1,0,0,1,5,0,0,1,0,6,0,1,0,0,6,0,0,0,0,0,0,3,0,0,0,0,3
head,0,62,1,7,38,9,21,0,3,0,10,50,0,1,86,45,19,1,5,7,0,1,0,0,0,0,0,0,0,0,0,0,0,2
shouler,0,0,0,1,0,0,0,0,0,0,0,0,0,0,0,0,0,0,0,0,0,0,0,0,0,0,0,0,0,0,0,0,0,0
arm,0,3,0,1,4,5,7,0,0,0,1,1,0,0,3,3,4,0,1,6,0,0,0,0,0,0,0,0,0,0,0,0,0,1
hand,0,37,0,3,10,1,17,3,1,0,0,8,0,1,57,36,35,1,2,4,4,2,0,0,0,0,0,0,0,0,0,0,0,0
body,0,14,0,5,4,11,11,2,1,0,3,6,0,0,5,0,3,0,0,2,0,2,0,0,0,0,0,1,0,0,0,0,0,1
"hip,leg,foot",0,18,0,4,15,11,38,4,4,0,4,29,0,1,54,16,58,3,2,8,5,2,0,1,0,0,0,1,0,0,0,0,0,5
bag,0,0,0,0,6,2,4,6,1,0,0,1,0,0,1,1,7,0,0,6,0,1,0,0,0,0,0,0,0,0,0,0,0,0
cup,0,3,0,1,3,1,3,0,1,0,1,10,0,0,17,5,7,0,0,2,1,2,0,0,0,0,1,1,0,0,0,0,0,0
earphone,0,0,0,0,0,0,0,0,0,0,0,1,0,0,0,0,0,0,0,0,0,0,0,0,0,0,0,0,0,0,0,0,0,0
glasses,0,17,0,1,1,6,5,0,0,0,0,4,0,0,9,10,1,0,1,0,0,1,0,0,0,0,0,0,0,0,0,0,0,1
mobilephone,0,58,0,0,7,3,27,1,7,0,10,16,0,0,53,13,28,0,0,3,0,1,0,0,0,0,2,0,0,0,0,0,0,7
overcoat,0,0,0,0,0,0,0,0,0,0,0,0,0,0,0,0,0,0,0,0,0,0,0,0,0,0,0,0,0,0,0,0,0,0
pillow,0,0,0,0,0,0,1,0,1,0,0,0,0,2,0,2,0,0,0,0,1,0,0,0,0,0,0,0,0,0,0,0,0,0
mouse,0,61,0,5,41,4,39,1,23,0,10,62,0,0,29,758,98,0,3,17,0,1,0,0,0,0,0,0,0,0,0,0,0,1
keyboard,0,57,0,5,57,2,25,1,8,0,14,17,0,1,698,26,24,1,0,8,3,1,0,0,0,0,0,0,0,0,0,0,0,0
desktop,0,23,0,3,26,4,50,10,5,0,2,19,0,1,119,24,79,3,2,10,4,2,0,1,0,0,0,0,1,0,2,0,0,1
desk-drawer,0,0,0,0,1,0,3,0,0,0,0,0,0,0,0,0,2,2,1,2,0,0,0,0,0,0,0,0,0,0,0,0,0,0
desk-fence,0,4,0,0,1,7,3,0,0,0,0,0,0,0,2,1,0,0,1,1,0,0,0,0,0,0,0,0,0,0,0,0,0,0
chair-arm,0,5,0,2,4,3,18,5,1,1,0,3,0,0,15,5,11,0,0,1,3,2,0,0,0,0,0,1,1,0,0,0,0,0
chair-cushion,0,1,0,0,2,1,1,1,1,0,1,0,0,0,5,3,2,0,1,1,1,0,0,0,0,0,0,0,0,0,0,0,0,1
chair-back,0,3,0,1,0,1,3,1,1,0,0,3,0,0,1,1,4,0,0,2,0,2,0,0,1,0,0,0,0,0,0,0,0,2
controller,0,0,0,0,0,0,0,0,0,0,0,0,0,0,0,0,0,0,0,0,0,0,0,0,0,0,0,0,0,0,0,0,0,0
printer,0,0,0,0,0,0,1,0,0,0,0,0,0,0,0,0,1,0,0,0,0,0,0,17,0,0,0,0,0,0,2,0,0,0
door,0,1,0,0,0,0,0,0,0,0,0,0,0,0,0,0,0,0,0,0,0,0,0,0,0,0,0,0,0,0,0,0,0,0
window,0,0,0,0,0,0,0,0,0,0,0,0,0,0,0,0,0,0,0,0,0,0,0,0,0,0,0,0,0,0,0,0,0,0
waterdispenser,0,0,0,0,0,0,0,0,1,0,0,2,0,0,0,0,0,0,0,0,0,0,0,0,0,0,2,0,0,0,0,0,0,0
tissuedispenser,0,0,0,0,0,0,0,0,0,0,0,0,0,0,0,0,0,0,0,0,0,0,0,0,0,0,0,0,0,0,0,0,0,4
trashcan,0,1,0,0,0,0,0,0,0,0,0,0,0,0,1,0,0,0,0,1,0,0,0,0,0,0,0,0,0,0,0,0,0,2
cabinet,0,0,0,0,0,0,0,0,0,0,0,0,0,0,0,0,0,0,0,0,0,0,0,0,0,0,0,0,0,0,0,0,0,0
printerdesk,0,0,0,0,0,0,0,0,0,0,0,0,0,0,0,0,2,0,0,0,0,0,0,2,0,0,0,0,0,0,1,0,0,0
printerchair,0,0,0,0,0,0,0,0,0,0,0,0,0,0,0,0,0,0,0,0,0,0,0,0,0,0,0,0,0,0,0,0,0,0
hanger,0,0,0,0,0,0,0,0,0,0,0,0,0,0,0,0,0,0,0,0,0,0,0,0,0,0,0,0,0,0,0,0,0,0
leave,0,0,0,0,0,0,0,0,0,0,0,0,0,0,0,0,0,0,0,0,0,0,0,0,0,0,0,0,0,0,0,0,0,36
17,Entry,head,shouler,arm,hand,body,"hip,leg,foot",bag,cup,earphone,glasses,mobilephone,overcoat,pillow,mouse,keyboard,desktop,desk-drawer,desk-fence,chair-arm,chair-cushion,chair-back,controller,printer,door,window,waterdispenser,tissuedispenser,trashcan,cabinet,printerdesk,printerchair,hanger,leave
Entry,0,1,0,1,1,0,2,2,0,0,0,11,0,0,9,1,2,0,0,2,0,2,0,1,0,0,0,4,0,0,0,0,0,2
head,0,48,5,8,6,9,21,2,4,2,6,54,0,0,144,80,4,0,0,2,3,0,0,0,0,0,0,1,1,0,0,0,0,2
shouler,0,1,1,0,0,0,0,0,0,0,0,2,0,0,4,0,0,0,0,0,0,0,0,0,0,0,0,0,0,0,0,0,0,0
arm,0,10,0,1,4,3,3,0,1,1,1,6,0,0,8,9,4,0,0,0,1,1,1,0,0,0,0,0,0,0,0,0,0,0
hand,0,11,0,2,7,4,7,0,0,0,1,3,0,0,12,6,5,0,0,1,3,2,0,0,0,0,0,1,0,0,0,0,0,1
body,0,5,0,6,1,1,4,1,0,1,1,4,0,0,10,6,2,0,0,0,1,1,0,0,0,0,0,0,0,0,0,0,0,2
"hip,leg,foot",0,11,0,2,9,5,30,1,3,8,2,25,1,0,36,28,5,0,0,2,8,3,0,0,0,0,0,2,0,0,0,1,0,4
bag,0,2,0,0,1,1,1,3,0,1,1,1,0,0,2,1,4,0,0,0,2,1,0,2,0,0,0,1,0,0,0,0,0,4
cup,0,2,0,0,1,0,5,0,0,0,0,4,0,0,4,6,1,0,0,0,0,2,0,0,0,0,1,0,0,0,0,0,0,0
earphone,0,1,0,2,0,0,3,2,0,2,0,6,0,0,18,1,1,0,0,0,3,0,0,0,0,0,0,0,1,0,0,0,0,1
glasses,0,9,0,0,0,2,2,0,0,2,0,6,0,0,40,26,1,0,0,0,1,0,0,0,0,0,0,0,0,0,0,0,0,1
mobilephone,0,72,1,5,1,5,14,2,4,2,11,18,0,0,71,37,16,0,0,0,3,5,0,0,0,0,0,0,1,0,0,0,0,11
overcoat,0,0,0,0,0,0,0,2,0,0,0,0,0,0,1,0,0,0,0,0,0,0,0,0,0,0,0,0,0,0,0,0,0,0
pillow,0,0,0,0,0,0,0,0,0,0,0,0,0,0,0,0,0,0,0,0,0,0,0,0,0,0,0,0,0,0,0,0,0,0
mouse,0,129,1,11,15,7,36,3,5,13,21,85,1,0,16,697,27,0,0,1,3,2,0,3,1,0,0,0,0,0,0,0,0,4
keyboard,0,88,0,12,10,5,33,2,7,3,44,34,0,0,666,9,14,0,0,0,8,0,0,0,0,0,0,0,0,0,0,0,0,1
desktop,0,10,0,2,1,3,11,4,2,0,1,8,0,0,22,20,6,0,1,0,3,1,0,1,0,0,0,0,0,0,0,0,0,2
desk-drawer,0,0,0,0,0,0,0,0,0,0,0,0,0,0,0,0,0,0,0,0,0,0,0,0,0,0,0,0,0,0,0,0,0,0
desk-fence,0,1,0,0,0,0,0,0,0,0,0,0,0,0,0,0,0,0,0,0,0,0,0,0,0,0,0,0,0,0,0,0,0,0
chair-arm,0,0,0,0,1,1,4,1,0,0,0,0,0,0,1,1,0,0,0,2,0,1,0,0,0,0,0,0,0,0,0,0,0,0
chair-cushion,0,1,0,1,2,0,5,0,0,6,1,7,0,0,11,7,0,0,0,0,1,0,0,0,0,0,0,0,0,0,0,0,0,0
chair-back,0,0,0,1,1,0,3,2,0,0,0,5,1,0,3,0,3,0,0,2,0,5,0,0,0,0,0,0,0,0,0,0,0,0
controller,0,0,0,0,0,0,0,0,0,0,0,0,0,0,0,0,0,0,0,0,0,0,0,0,0,0,0,0,0,0,0,0,0,1
printer,0,0,0,0,0,0,1,1,0,0,0,0,0,0,2,0,2,0,0,0,0,0,0,8,0,0,0,0,0,0,0,0,0,1
door,0,0,0,0,0,0,0,0,0,0,0,0,0,0,0,0,0,0,0,0,0,0,0,0,0,0,0,0,0,0,0,0,0,1
window,0,0,0,0,0,0,0,0,0,0,0,0,0,0,0,0,0,0,0,0,0,0,0,0,0,0,0,0,0,0,0,0,0,0
waterdispenser,0,0,0,0,0,0,0,0,0,0,0,0,0,0,0,0,0,0,0,0,1,0,0,0,0,0,1,0,0,0,0,0,0,0
tissuedispenser,0,0,0,0,5,0,1,1,0,0,0,0,0,0,1,0,0,0,0,0,0,0,0,0,0,0,0,0,0,0,0,0,0,1
trashcan,0,0,0,0,0,0,0,0,0,0,0,0,0,0,0,1,1,0,0,0,1,0,0,0,0,0,0,0,0,0,0,0,0,0
cabinet,0,0,0,0,0,0,0,0,0,0,0,0,0,0,0,0,0,0,0,0,0,0,0,0,0,0,0,0,0,0,0,0,0,0
printerdesk,0,0,0,0,0,0,0,0,0,0,0,0,0,0,0,0,0,0,0,0,0,0,0,0,0,0,0,0,0,0,0,0,0,0
printerchair,0,0,0,0,0,0,0,0,0,0,0,0,0,0,0,0,0,0,0,0,0,0,0,0,0,0,0,0,0,0,0,0,0,1
hanger,0,0,0,0,0,0,0,0,0,0,0,0,0,0,0,0,0,0,0,0,0,0,0,0,0,0,0,0,0,0,0,0,0,0
leave,0,0,0,0,0,0,0,0,0,0,0,0,0,0,0,0,0,0,0,0,0,0,0,0,0,0,0,0,0,0,0,0,0,41
19,Entry,head,shouler,arm,hand,body,"hip,leg,foot",bag,cup,earphone,glasses,mobilephone,overcoat,pillow,mouse,keyboard,desktop,desk-drawer,desk-fence,chair-arm,chair-cushion,chair-back,controller,printer,door,window,waterdispenser,tissuedispenser,trashcan,cabinet,printerdesk,printerchair,hanger,leave
Entry,0,0,0,0,1,0,1,3,2,0,0,4,0,0,1,0,1,0,0,4,0,2,0,0,0,0,1,2,0,0,0,0,0,0
head,0,23,0,0,38,4,3,1,0,0,3,47,0,0,52,18,32,0,0,2,0,1,0,0,0,0,0,0,0,0,0,0,0,0
shouler,0,0,0,0,0,0,0,0,0,0,0,0,0,0,0,0,0,0,0,0,0,0,0,0,0,0,0,0,0,0,0,0,0,0
arm,0,2,0,0,1,0,3,0,0,0,0,0,0,0,5,1,0,0,0,0,0,0,0,0,0,0,0,0,0,0,0,0,0,0
hand,0,56,0,1,7,2,4,3,0,1,1,5,0,0,20,7,11,0,0,4,0,0,0,0,0,0,0,1,0,0,0,0,0,0
body,0,0,0,0,1,3,4,0,1,1,0,0,0,0,4,0,4,0,0,1,0,0,0,0,0,0,0,0,0,0,0,0,0,0
"hip,leg,foot",0,1,0,1,1,2,3,5,3,1,0,14,0,0,26,2,9,0,0,5,0,2,0,0,0,0,0,0,0,0,0,0,0,6
bag,0,2,0,0,0,0,4,5,0,3,0,9,0,0,1,1,8,2,0,1,0,3,0,0,0,0,0,0,0,0,0,0,0,1
cup,0,1,0,0,0,1,3,0,4,0,1,1,0,0,9,1,1,0,0,0,0,0,0,0,0,0,0,0,0,0,0,0,0,0
earphone,0,1,0,0,0,0,0,1,0,2,0,5,0,0,16,1,1,0,0,0,0,1,0,1,0,0,0,0,0,0,0,0,0,0
glasses,0,7,0,0,0,0,1,0,0,0,0,2,0,0,7,6,7,0,0,0,0,0,0,0,0,0,0,0,0,0,0,0,0,1
mobilephone,0,60,0,3,6,0,15,9,0,10,4,25,0,0,486,48,42,0,0,7,2,6,0,1,0,0,0,0,0,0,0,0,0,5
overcoat,0,0,0,0,0,0,0,0,0,0,0,0,0,0,0,0,0,0,0,0,0,0,0,0,0,0,0,0,0,0,0,0,0,0
pillow,0,0,0,0,0,0,0,0,0,0,0,0,0,0,0,0,0,0,0,0,0,0,0,0,0,0,0,0,0,0,0,0,0,0
mouse,0,33,0,4,19,6,22,3,8,5,4,379,0,0,29,1756,92,0,0,4,0,1,0,0,0,0,0,0,0,0,0,0,0,0
keyboard,0,22,0,1,12,0,3,0,3,0,9,172,0,0,1610,6,16,0,0,3,0,0,1,0,0,0,0,0,0,0,0,0,0,2
desktop,0,15,0,1,34,0,3,5,0,5,9,55,0,0,87,10,8,0,0,4,0,1,0,0,0,0,0,0,0,0,0,0,0,1
desk-drawer,0,0,0,0,0,0,0,1,0,0,0,0,0,0,0,0,1,0,0,0,0,0,0,0,0,0,0,0,0,0,0,0,0,0
desk-fence,0,0,0,0,0,0,0,0,0,0,0,0,0,0,0,0,0,0,0,0,0,0,0,0,0,0,0,0,0,0,0,0,0,0
chair-arm,0,1,0,1,0,0,9,3,0,1,0,7,0,0,11,3,4,0,0,3,0,0,0,0,0,0,0,0,0,0,0,0,0,2
chair-cushion,0,0,0,0,0,1,0,0,0,0,0,1,0,0,0,0,0,0,0,0,0,0,0,0,0,0,0,0,0,0,0,0,0,0
chair-back,0,0,0,0,0,0,3,1,1,0,0,2,0,0,1,0,0,0,0,5,0,0,0,0,0,0,0,0,0,0,0,0,0,4
controller,0,0,0,0,0,0,0,0,0,0,0,0,0,0,0,0,0,0,0,1,0,0,0,0,0,0,0,0,0,0,0,0,0,0
printer,0,0,0,0,0,0,0,0,0,0,0,1,0,0,0,0,1,0,0,0,0,0,0,2,0,0,0,0,0,0,1,0,0,0
door,0,0,0,0,0,0,0,0,0,0,0,0,0,0,0,0,0,0,0,0,0,0,0,0,0,0,0,0,0,0,0,0,0,0
window,0,0,0,0,0,0,0,0,0,0,0,0,0,0,0,0,0,0,0,0,0,0,0,0,0,0,0,0,0,0,0,0,0,0
waterdispenser,0,0,0,0,0,0,0,0,0,0,0,0,0,0,0,0,0,0,0,1,0,0,0,0,0,0,2,0,0,0,0,0,0,0
tissuedispenser,0,0,0,0,3,0,0,0,0,0,0,0,0,0,0,0,0,0,0,0,0,0,0,0,0,0,0,0,0,0,0,0,0,0
trashcan,0,0,0,0,0,0,0,0,0,0,0,0,0,0,0,0,0,0,0,0,0,0,0,0,0,0,0,0,0,0,0,0,0,0
cabinet,0,0,0,0,0,0,0,0,0,0,0,0,0,0,0,0,0,0,0,0,0,0,0,0,0,0,0,0,0,0,0,0,0,0
printerdesk,0,0,0,0,0,0,0,0,0,0,0,0,0,0,0,0,0,0,0,0,0,0,0,1,0,0,0,0,0,0,0,0,0,0
printerchair,0,0,0,0,0,0,0,0,0,0,0,0,0,0,0,0,0,0,0,0,0,0,0,0,0,0,0,0,0,0,0,0,0,0
hanger,0,0,0,0,0,0,0,0,0,0,0,0,0,0,0,0,0,0,0,0,0,0,0,0,0,0,0,0,0,0,0,0,0,0
leave,0,0,0,0,0,0,0,0,0,0,0,0,0,0,0,0,0,0,0,0,0,0,0,0,0,0,0,0,0,0,0,0,0,22
20,Entry,head,shouler,arm,hand,body,"hip,leg,foot",bag,cup,earphone,glasses,mobilephone,overcoat,pillow,mouse,keyboard,desktop,desk-drawer,desk-fence,chair-arm,chair-cushion,chair-back,controller,printer,door,window,waterdispenser,tissuedispenser,trashcan,cabinet,printerdesk,printerchair,hanger,leave
Entry,0,0,0,0,0,1,0,0,0,0,0,0,0,0,0,0,0,0,0,0,0,0,0,0,0,0,0,0,0,0,0,0,0,0
head,0,0,0,0,0,0,0,0,0,0,1,0,0,0,0,0,0,0,0,0,0,0,0,0,0,0,0,0,0,0,0,0,0,0
shouler,0,0,0,0,0,0,0,0,0,0,0,0,0,0,0,0,0,0,0,0,0,0,0,0,0,0,0,0,0,0,0,0,0,0
arm,0,0,0,0,0,0,0,0,0,0,0,0,0,0,0,0,0,0,0,0,0,0,0,0,0,0,0,0,0,0,0,0,0,0
hand,0,0,0,0,0,0,0,0,0,0,0,0,0,0,0,0,0,0,0,0,0,0,0,0,0,0,0,0,0,0,0,0,0,0
body,0,0,0,0,0,0,0,0,0,0,0,0,0,0,0,0,1,0,0,0,0,0,0,0,0,0,0,0,0,0,0,0,0,0
"hip,leg,foot",0,0,0,0,0,0,0,0,0,0,0,0,0,0,0,0,0,0,0,0,0,0,0,0,0,0,0,0,0,0,0,0,0,0
bag,0,0,0,0,0,0,0,0,0,0,0,0,0,0,0,0,0,0,0,0,0,0,0,0,0,0,0,0,0,0,0,0,0,0
cup,0,0,0,0,0,0,0,0,0,0,0,0,0,0,0,0,0,0,0,0,0,0,0,0,0,0,0,0,0,0,0,0,0,0
earphone,0,0,0,0,0,0,0,0,0,0,0,0,0,0,0,0,0,0,0,0,0,0,0,0,0,0,0,0,0,0,0,0,0,0
glasses,0,0,0,0,0,0,0,0,0,0,0,0,0,0,0,0,1,0,0,0,0,0,0,0,0,0,0,0,0,0,0,0,0,0
mobilephone,0,0,0,0,0,0,0,0,0,0,0,0,0,0,0,0,0,0,0,0,0,0,0,0,0,0,0,0,0,0,0,0,0,0
overcoat,0,0,0,0,0,0,0,0,0,0,0,0,0,0,0,0,0,0,0,0,0,0,0,0,0,0,0,0,0,0,0,0,0,0
pillow,0,0,0,0,0,0,0,0,0,0,0,0,0,0,0,0,0,0,0,0,0,0,0,0,0,0,0,0,0,0,0,0,0,0
mouse,0,0,0,0,0,0,0,0,0,0,0,0,0,0,0,0,0,0,0,0,0,0,0,0,0,0,0,0,0,0,0,0,0,0
keyboard,0,0,0,0,0,0,0,0,0,0,0,0,0,0,0,0,0,0,0,0,0,0,0,0,0,0,0,0,0,0,0,0,0,0
desktop,0,1,0,0,0,0,0,0,0,0,0,0,0,0,0,0,0,0,0,0,0,1,0,0,0,0,0,0,0,0,0,0,0,0
desk-drawer,0,0,0,0,0,0,0,0,0,0,0,0,0,0,0,0,0,0,0,0,0,0,0,0,0,0,0,0,0,0,0,0,0,0
desk-fence,0,0,0,0,0,0,0,0,0,0,0,0,0,0,0,0,0,0,0,0,0,0,0,0,0,0,0,0,0,0,0,0,0,0
chair-arm,0,0,0,0,0,0,0,0,0,0,0,0,0,0,0,0,0,0,0,0,0,0,0,0,0,0,0,0,0,0,0,0,0,0
chair-cushion,0,0,0,0,0,0,0,0,0,0,0,0,0,0,0,0,0,0,0,0,0,0,0,0,0,0,0,0,0,0,0,0,0,0
chair-back,0,0,0,0,0,0,0,0,0,0,0,0,0,0,0,0,0,0,0,0,0,0,0,0,0,0,0,0,0,0,0,0,0,1
controller,0,0,0,0,0,0,0,0,0,0,0,0,0,0,0,0,0,0,0,0,0,0,0,0,0,0,0,0,0,0,0,0,0,0
printer,0,0,0,0,0,0,0,0,0,0,0,0,0,0,0,0,0,0,0,0,0,0,0,0,0,0,0,0,0,0,0,0,0,0
door,0,0,0,0,0,0,0,0,0,0,0,0,0,0,0,0,0,0,0,0,0,0,0,0,0,0,0,0,0,0,0,0,0,0
window,0,0,0,0,0,0,0,0,0,0,0,0,0,0,0,0,0,0,0,0,0,0,0,0,0,0,0,0,0,0,0,0,0,0
waterdispenser,0,0,0,0,0,0,0,0,0,0,0,0,0,0,0,0,0,0,0,0,0,0,0,0,0,0,0,0,0,0,0,0,0,0
tissuedispenser,0,0,0,0,0,0,0,0,0,0,0,0,0,0,0,0,0,0,0,0,0,0,0,0,0,0,0,0,0,0,0,0,0,0
trashcan,0,0,0,0,0,0,0,0,0,0,0,0,0,0,0,0,0,0,0,0,0,0,0,0,0,0,0,0,0,0,0,0,0,0
cabinet,0,0,0,0,0,0,0,0,0,0,0,0,0,0,0,0,0,0,0,0,0,0,0,0,0,0,0,0,0,0,0,0,0,0
printerdesk,0,0,0,0,0,0,0,0,0,0,0,0,0,0,0,0,0,0,0,0,0,0,0,0,0,0,0,0,0,0,0,0,0,0
printerchair,0,0,0,0,0,0,0,0,0,0,0,0,0,0,0,0,0,0,0,0,0,0,0,0,0,0,0,0,0,0,0,0,0,0
hanger,0,0,0,0,0,0,0,0,0,0,0,0,0,0,0,0,0,0,0,0,0,0,0,0,0,0,0,0,0,0,0,0,0,0
leave,0,0,0,0,0,0,0,0,0,0,0,0,0,0,0,0,0,0,0,0,0,0,0,0,0,0,0,0,0,0,0,0,0,1
21,Entry,head,shouler,arm,hand,body,"hip,leg,foot",bag,cup,earphone,glasses,mobilephone,overcoat,pillow,mouse,keyboard,desktop,desk-drawer,desk-fence,chair-arm,chair-cushion,chair-back,controller,printer,door,window,waterdispenser,tissuedispenser,trashcan,cabinet,printerdesk,printerchair,hanger,leave
Entry,0,2,0,1,1,0,0,1,1,0,0,1,0,0,0,2,5,0,0,0,0,1,0,1,0,0,0,1,0,0,0,0,0,0
head,0,32,0,2,6,4,6,1,1,1,0,7,0,0,48,14,12,0,0,5,0,1,0,0,0,0,3,0,0,0,0,0,0,1
shouler,0,0,0,0,0,0,0,0,0,0,0,0,0,0,0,0,0,0,0,0,0,0,0,0,0,0,0,0,0,0,0,0,0,0
arm,0,2,0,0,0,0,1,0,0,0,0,0,0,0,5,0,0,0,0,1,0,0,0,0,0,0,0,0,0,0,0,0,0,0
hand,0,6,0,0,0,0,3,0,0,2,0,0,0,0,13,0,6,0,0,1,0,0,0,1,0,0,0,0,0,0,0,0,0,2
body,0,3,0,0,0,0,0,0,0,0,0,0,0,0,3,1,1,0,0,1,0,0,0,0,0,0,0,0,0,0,0,0,0,0
"hip,leg,foot",0,6,0,0,0,1,5,0,1,3,0,3,0,0,10,1,3,0,0,5,0,1,0,1,0,0,1,0,0,0,0,0,0,8
bag,0,2,0,0,1,0,1,2,1,2,0,2,0,0,0,6,3,0,0,0,0,1,0,0,0,0,0,0,0,0,0,0,0,1
cup,0,3,0,0,0,0,0,4,0,2,0,0,0,0,1,1,2,0,0,1,0,0,0,0,0,0,4,0,0,0,0,0,0,1
earphone,0,1,0,1,0,0,4,3,1,0,0,2,0,0,27,5,2,0,0,1,0,0,0,0,0,0,1,0,0,0,0,0,0,2
glasses,0,0,0,0,0,0,0,0,0,0,0,0,0,0,2,0,0,0,0,0,0,0,0,0,0,0,0,0,0,0,0,0,0,0
mobilephone,0,7,0,0,0,0,2,1,1,4,0,1,0,0,13,4,7,0,0,5,0,0,0,0,0,0,1,0,0,0,0,0,0,2
overcoat,0,0,0,0,0,0,0,0,0,0,0,0,0,0,0,0,0,0,0,0,0,0,0,0,0,0,0,0,0,0,0,0,0,0
pillow,0,0,0,0,0,0,0,0,0,0,0,0,0,0,0,0,0,0,0,0,0,0,0,0,0,0,0,0,0,0,0,0,0,0
mouse,0,43,0,3,13,3,10,0,0,21,1,15,0,0,6,426,53,0,0,38,1,1,0,0,0,0,1,0,0,0,0,0,0,0
keyboard,0,14,0,0,2,0,0,2,0,5,0,7,0,0,428,3,10,1,0,3,0,0,0,0,0,0,0,0,0,0,0,0,0,1
desktop,0,12,0,2,5,0,7,7,1,7,0,7,0,0,50,11,20,2,0,7,0,0,0,0,0,0,1,0,0,0,0,0,0,0
desk-drawer,0,0,0,0,0,0,0,0,0,0,0,0,0,0,0,0,3,1,0,0,0,0,0,1,0,0,0,0,0,0,0,0,0,0
desk-fence,0,0,0,0,0,0,0,0,0,0,0,0,0,0,0,0,0,0,0,0,0,0,0,0,0,0,0,0,0,0,0,0,0,0
chair-arm,0,10,0,0,4,1,8,1,1,1,1,1,0,0,28,2,10,0,0,1,0,1,0,0,0,0,1,0,0,0,0,0,0,0
chair-cushion,0,0,0,0,0,0,0,0,0,0,0,0,0,0,0,0,0,0,0,1,0,0,0,0,0,0,0,0,0,0,0,0,0,0
chair-back,0,0,0,0,0,0,0,0,1,1,0,0,0,0,0,0,2,0,0,1,0,1,0,0,0,0,1,0,0,0,0,0,0,1
controller,0,0,0,0,0,0,0,0,0,0,0,0,0,0,0,0,0,0,0,0,0,0,0,0,0,0,0,0,0,0,0,0,0,0
printer,0,0,0,0,1,0,0,0,0,0,0,2,0,0,0,0,0,0,0,0,0,0,0,6,0,0,0,0,0,0,0,1,0,0
door,0,0,0,0,0,0,0,0,0,0,0,0,0,0,0,0,0,0,0,0,0,0,0,0,0,0,0,0,0,0,0,0,0,0
window,0,0,0,0,0,0,0,0,0,0,0,0,0,0,0,0,0,0,0,0,0,0,0,0,0,0,0,0,0,0,0,0,0,0
waterdispenser,0,1,0,0,0,0,2,0,10,0,0,0,0,0,0,0,0,0,0,0,0,1,0,0,0,0,7,0,0,0,0,0,0,0
tissuedispenser,0,0,0,0,1,0,0,0,0,0,0,0,0,0,0,0,0,0,0,0,0,0,0,0,0,0,0,0,0,0,0,0,0,0
trashcan,0,0,0,0,0,0,0,0,0,0,0,0,0,0,0,0,0,0,0,0,0,0,0,0,0,0,0,0,0,0,0,0,0,0
cabinet,0,0,0,0,0,0,0,0,0,0,0,0,0,0,0,0,0,0,0,0,0,0,0,0,0,0,0,0,0,0,0,0,0,0
printerdesk,0,0,0,0,0,0,0,0,0,0,0,0,0,0,0,0,0,0,0,0,0,0,0,0,0,0,0,0,0,0,0,0,0,0
printerchair,0,0,0,0,0,0,0,0,0,0,0,0,0,0,0,0,0,1,0,0,0,0,0,0,0,0,0,0,0,0,0,0,0,0
hanger,0,0,0,0,0,0,0,0,0,0,0,0,0,0,0,0,0,0,0,0,0,0,0,0,0,0,0,0,0,0,0,0,0,0
leave,0,0,0,0,0,0,0,0,0,0,0,0,0,0,0,0,0,0,0,0,0,0,0,0,0,0,0,0,0,0,0,0,0,17
22,Entry,head,shouler,arm,hand,body,"hip,leg,foot",bag,cup,earphone,glasses,mobilephone,overcoat,pillow,mouse,keyboard,desktop,desk-drawer,desk-fence,chair-arm,chair-cushion,chair-back,controller,printer,door,window,waterdispenser,tissuedispenser,trashcan,cabinet,printerdesk,printerchair,hanger,leave
Entry,0,0,0,1,4,0,1,1,0,0,0,5,0,0,1,0,3,0,0,10,0,9,1,0,0,0,0,0,0,0,0,1,0,1
head,0,62,1,1,23,7,13,3,2,0,2,30,0,0,27,4,79,0,1,2,0,0,0,0,0,0,0,0,0,0,0,0,0,2
shouler,0,0,0,0,0,0,0,0,0,0,0,0,0,0,0,0,0,0,0,1,0,0,0,0,0,0,0,0,0,0,0,0,0,0
arm,0,7,0,1,4,4,4,0,0,0,0,2,0,1,8,0,5,0,0,1,0,0,0,0,0,0,0,0,0,0,0,0,0,1
hand,0,21,0,1,21,2,18,1,0,1,0,9,0,1,29,3,32,3,0,6,0,0,0,0,0,0,0,0,0,0,0,0,0,1
body,0,3,0,1,3,1,2,0,0,0,0,2,0,0,6,4,5,0,0,3,0,0,0,1,0,0,0,0,0,0,1,0,0,3
"hip,leg,foot",0,7,0,3,16,7,3,4,1,1,0,19,0,0,16,1,28,3,1,12,1,4,0,0,0,0,1,0,0,0,0,0,0,8
bag,0,0,0,1,2,0,7,5,0,1,0,3,0,0,8,2,4,1,0,5,0,5,0,0,0,0,0,0,0,0,0,0,0,3
cup,0,1,0,0,1,0,3,0,9,0,0,4,0,0,3,1,5,0,0,2,0,1,0,0,0,0,2,0,0,0,0,0,0,2
earphone,0,0,0,0,0,0,3,0,1,0,1,8,0,0,17,1,9,0,0,0,0,0,0,0,0,0,0,0,0,0,1,0,0,1
glasses,0,2,0,0,1,0,0,0,0,0,0,3,0,0,5,3,4,0,0,0,0,0,0,0,0,0,0,0,0,0,0,0,0,0
mobilephone,0,43,0,7,3,4,15,7,6,12,5,16,0,0,105,7,67,1,1,19,1,1,0,0,0,0,0,0,0,0,0,0,0,7
overcoat,0,0,0,0,0,0,0,1,0,0,0,0,0,0,0,0,0,0,0,0,0,0,0,0,0,0,0,0,0,0,0,0,0,0
pillow,0,0,0,0,0,0,0,0,0,0,0,1,0,0,0,0,0,0,0,2,0,0,0,0,0,0,0,0,0,0,0,0,0,0
mouse,0,20,0,11,29,3,9,3,3,14,2,102,0,0,18,139,93,0,1,20,0,0,0,0,0,0,0,0,0,0,0,0,0,4
keyboard,0,5,0,0,5,2,4,2,0,2,3,7,0,0,133,2,12,0,0,2,0,0,0,0,0,0,0,0,0,0,0,0,0,0
desktop,0,79,0,8,29,2,30,9,8,9,4,85,1,0,76,11,26,9,1,21,0,0,0,1,0,0,0,0,0,0,0,0,0,0
desk-drawer,0,1,0,0,2,0,3,1,1,0,1,3,0,0,1,0,5,5,0,0,0,0,0,0,0,0,0,0,0,0,0,0,0,0
desk-fence,0,3,0,0,0,0,0,0,0,0,0,0,0,0,2,0,0,0,0,0,0,0,0,0,0,0,0,0,0,0,0,0,0,0
chair-arm,0,4,0,3,5,0,17,5,0,2,0,25,0,1,17,1,31,1,0,8,0,0,0,0,0,0,0,0,0,0,0,0,0,0
chair-cushion,0,0,0,0,0,0,0,0,0,0,0,1,0,0,0,0,0,0,0,1,0,0,0,0,0,0,0,0,0,0,0,0,0,0
chair-back,0,1,0,0,1,1,3,4,1,0,0,1,0,0,0,0,1,0,0,4,0,5,0,0,0,0,0,0,0,0,0,0,0,3
controller,0,0,0,0,0,0,1,0,0,0,0,0,0,0,0,0,0,0,0,0,0,0,0,0,0,0,0,0,0,0,0,0,0,0
printer,0,0,0,0,0,2,0,0,0,0,0,0,0,0,0,0,1,0,0,0,0,0,0,7,0,0,0,0,0,0,0,0,0,0
door,0,0,0,0,0,0,0,0,0,0,0,0,0,0,0,0,0,0,0,0,0,0,0,0,0,0,0,0,0,0,0,0,0,0
window,0,0,0,0,0,0,0,0,0,0,0,0,0,0,0,0,0,0,0,0,0,0,0,0,0,0,0,0,0,0,0,0,0,0
waterdispenser,0,0,0,0,0,0,0,1,2,0,0,0,0,0,0,0,0,0,0,0,0,0,0,0,0,0,0,0,0,0,0,0,0,0
tissuedispenser,0,0,0,0,0,0,0,0,0,0,0,0,0,0,0,0,0,0,0,0,0,0,0,0,0,0,0,0,0,0,0,0,0,0
trashcan,0,0,0,0,0,0,0,0,0,0,0,0,0,0,0,0,0,0,0,0,0,0,0,0,0,0,0,0,0,0,0,0,0,0
cabinet,0,0,0,0,0,0,0,0,0,0,0,0,0,0,0,0,0,0,0,0,0,0,0,0,0,0,0,0,0,0,0,0,0,0
printerdesk,0,0,0,0,0,0,0,0,0,0,0,0,0,0,0,0,0,0,0,1,0,0,0,0,0,0,0,0,0,0,0,1,0,0
printerchair,0,0,0,0,0,0,0,0,0,0,0,1,0,0,0,0,0,0,0,0,0,0,0,1,0,0,0,0,0,0,0,0,0,0
hanger,0,0,0,0,0,0,0,0,0,0,0,0,0,0,0,0,0,0,0,0,0,0,0,0,0,0,0,0,0,0,0,0,0,0
leave,0,0,0,0,0,0,0,0,0,0,0,0,0,0,0,0,0,0,0,0,0,0,0,0,0,0,0,0,0,0,0,0,0,38
23,Entry,head,shouler,arm,hand,body,"hip,leg,foot",bag,cup,earphone,glasses,mobilephone,overcoat,pillow,mouse,keyboard,desktop,desk-drawer,desk-fence,chair-arm,chair-cushion,chair-back,controller,printer,door,window,waterdispenser,tissuedispenser,trashcan,cabinet,printerdesk,printerchair,hanger,leave
Entry,0,4,0,1,2,2,2,11,4,1,0,5,0,0,0,0,2,0,2,1,0,3,0,0,0,0,0,1,0,0,0,0,0,1
head,0,52,0,6,45,9,14,2,7,1,5,52,0,1,35,14,33,0,1,1,3,3,0,0,0,1,5,0,0,0,0,0,0,4
shouler,0,0,0,1,0,0,0,0,0,0,0,0,0,0,0,0,0,0,0,0,0,0,0,0,0,0,0,0,0,0,0,0,0,0
arm,0,5,1,2,2,2,4,0,0,0,1,0,0,0,2,0,2,0,0,0,0,0,0,0,0,0,0,0,0,0,0,0,0,2
hand,0,45,0,2,30,2,12,1,3,2,1,6,0,0,8,0,20,2,2,1,0,2,0,0,0,1,0,0,0,0,0,0,0,2
body,0,5,0,5,3,3,4,0,2,0,0,4,3,0,4,1,1,0,0,0,0,1,0,0,0,0,0,0,0,0,0,0,0,2
"hip,leg,foot",0,19,0,2,9,4,20,3,3,2,1,12,0,1,16,4,19,0,0,9,1,2,2,0,0,0,0,0,0,0,0,0,0,3
bag,0,2,0,1,1,1,3,13,4,1,1,12,5,0,0,2,6,0,0,1,0,4,0,0,0,0,0,0,0,0,0,0,0,7
cup,0,5,0,0,0,3,5,3,3,1,1,10,0,1,9,0,10,0,2,0,0,2,0,0,0,0,5,0,0,0,0,0,0,1
earphone,0,3,0,0,0,0,0,1,1,1,0,5,1,0,2,0,3,0,0,0,0,1,0,0,0,0,0,0,0,0,0,0,0,0
glasses,0,5,0,0,0,1,0,0,1,0,1,3,0,0,5,2,1,0,0,1,0,0,0,0,0,0,0,0,0,0,0,0,0,0
mobilephone,0,61,0,1,3,1,15,9,7,4,2,18,1,0,36,13,24,1,0,1,1,3,0,0,0,1,0,0,0,0,0,0,0,8
overcoat,0,2,0,0,0,3,4,1,0,0,0,1,0,0,0,0,5,0,0,0,0,3,1,0,1,0,0,0,0,0,0,0,0,0
pillow,0,0,0,0,0,0,0,0,1,0,0,2,0,0,0,1,0,0,0,0,0,0,0,0,0,0,0,0,0,0,0,0,0,0
mouse,0,33,0,0,8,5,11,3,8,0,5,35,3,0,20,137,23,1,0,2,0,1,0,0,0,0,0,0,0,0,0,0,0,0
keyboard,0,13,0,0,3,0,5,2,1,0,1,15,0,1,131,20,12,0,0,0,0,1,0,0,0,0,0,0,0,0,0,0,0,1
desktop,0,29,0,1,22,1,17,11,10,5,1,24,2,0,23,11,36,2,0,7,1,1,0,0,1,0,0,0,0,0,0,0,0,2
desk-drawer,0,0,0,0,2,0,0,0,0,0,0,0,0,0,0,0,4,3,0,0,0,0,0,0,0,0,0,0,0,0,0,0,0,0
desk-fence,0,1,0,1,4,0,1,0,0,0,0,1,0,0,0,1,0,0,1,1,0,0,0,0,0,0,0,0,0,0,0,0,0,0
chair-arm,0,1,0,0,1,0,11,0,0,0,0,2,1,0,4,0,4,0,1,2,0,0,0,0,0,0,0,0,0,0,0,0,0,1
chair-cushion,0,2,0,0,0,1,1,0,0,0,0,2,0,0,0,0,0,0,0,0,0,0,0,0,0,0,0,0,0,0,0,0,0,0
chair-back,0,5,0,0,4,1,4,4,3,0,0,0,2,0,0,0,1,0,2,1,0,2,1,0,0,0,0,0,0,0,0,0,0,0
controller,0,0,0,0,0,0,0,0,0,0,0,0,3,0,0,0,1,0,0,0,0,0,0,0,0,0,0,0,0,0,0,0,0,0
printer,0,0,0,0,0,0,0,0,0,0,0,0,0,0,0,0,0,0,0,0,0,0,0,0,0,0,0,0,0,0,0,0,0,0
door,0,0,0,0,0,0,0,0,0,0,0,0,0,0,0,0,0,0,0,0,0,0,0,0,1,0,0,0,0,0,0,0,0,2
window,0,0,0,0,3,0,0,0,0,0,0,0,0,0,0,0,0,0,0,0,0,0,0,0,0,0,0,0,0,0,0,0,0,0
waterdispenser,0,3,0,0,0,0,0,0,3,0,0,0,0,0,0,0,0,0,0,0,0,0,0,0,0,0,6,0,0,0,0,0,0,4
tissuedispenser,0,0,0,0,0,0,0,0,0,0,0,0,0,0,0,0,0,0,0,0,0,1,0,0,0,0,0,0,0,0,0,0,0,0
trashcan,0,0,0,0,0,0,0,0,0,0,0,0,0,0,0,0,0,0,0,0,0,0,0,0,0,0,0,0,0,0,0,0,0,0
cabinet,0,0,0,0,0,0,0,0,0,0,0,0,0,0,0,0,0,0,0,0,0,0,0,0,0,0,0,0,0,0,0,0,0,0
printerdesk,0,0,0,0,0,0,0,0,0,0,0,0,0,0,0,0,0,0,0,0,0,0,0,0,0,0,0,0,0,0,0,0,0,0
printerchair,0,0,0,0,0,0,0,0,0,0,0,0,0,0,0,0,0,0,0,0,0,0,0,0,0,0,0,0,0,0,0,0,0,0
hanger,0,0,0,0,0,0,0,0,0,0,0,0,0,0,0,0,0,0,0,0,0,0,0,0,0,0,0,0,0,0,0,0,0,0
leave,0,0,0,0,0,0,0,0,0,0,0,0,0,0,0,0,0,0,0,0,0,0,0,0,0,0,0,0,0,0,0,0,0,42
24,Entry,head,shouler,arm,hand,body,"hip,leg,foot",bag,cup,earphone,glasses,mobilephone,overcoat,pillow,mouse,keyboard,desktop,desk-drawer,desk-fence,chair-arm,chair-cushion,chair-back,controller,printer,door,window,waterdispenser,tissuedispenser,trashcan,cabinet,printerdesk,printerchair,hanger,leave
Entry,0,0,0,1,6,1,3,2,4,0,0,10,2,0,0,0,1,0,0,1,0,3,0,0,0,0,0,0,0,0,0,0,0,0
head,0,38,2,4,18,10,23,5,5,2,22,32,0,0,48,22,31,0,0,9,0,4,1,0,0,0,2,0,0,0,0,0,0,0
shouler,0,0,0,0,0,1,1,0,0,0,1,1,0,0,0,1,0,0,0,0,0,0,0,0,0,0,0,0,0,0,0,0,0,0
arm,0,5,0,2,1,2,6,3,3,0,2,5,0,0,13,1,5,1,1,6,0,0,0,1,0,0,0,0,0,0,0,0,0,0
hand,0,25,0,1,25,1,21,2,4,2,9,15,0,0,23,1,31,4,0,6,1,3,0,0,0,0,0,0,1,0,0,0,0,2
body,0,6,0,1,2,1,8,2,4,0,2,12,0,0,16,7,3,1,1,1,0,2,0,0,0,0,0,0,0,0,0,0,0,1
"hip,leg,foot",0,27,0,10,19,9,34,8,11,5,14,49,3,2,29,8,39,5,3,19,2,7,0,3,0,0,0,0,1,0,0,0,0,5
bag,0,5,0,3,4,0,3,12,3,2,8,7,0,1,11,1,15,3,1,4,0,1,0,0,0,0,1,0,0,0,0,0,0,1
cup,0,6,0,2,9,4,11,5,13,6,3,6,0,0,7,1,8,1,0,7,0,1,0,0,0,0,2,0,0,1,0,1,0,4
earphone,0,4,0,2,3,1,4,0,3,1,3,9,0,2,27,4,13,2,1,3,0,1,0,0,0,0,1,0,1,1,0,0,0,0
glasses,0,17,0,3,4,2,25,5,3,2,9,68,0,1,56,4,18,2,2,6,1,2,0,0,0,0,1,0,0,0,0,1,0,2
mobilephone,0,32,0,7,12,9,51,8,6,15,74,38,0,1,114,17,43,3,0,11,0,1,0,0,0,0,0,0,0,1,0,0,0,9
overcoat,0,0,0,1,1,0,2,0,0,1,1,1,8,0,0,5,2,1,0,0,0,1,0,0,0,0,1,0,1,0,0,0,0,2
pillow,0,0,0,0,0,0,1,1,0,0,0,2,1,0,4,1,0,0,0,0,0,0,0,0,0,0,0,0,0,0,0,0,0,0
mouse,0,49,1,5,21,15,31,11,11,31,51,112,0,1,30,306,59,3,0,13,0,2,0,2,0,0,0,0,0,0,0,0,0,0
keyboard,0,25,1,1,1,6,15,1,2,1,6,13,5,0,304,3,5,1,0,2,2,0,0,1,0,0,0,0,0,0,0,0,0,0
desktop,0,27,0,6,33,3,40,11,9,10,17,49,5,0,55,8,48,2,3,11,2,2,0,0,0,0,1,1,1,0,0,1,0,2
desk-drawer,0,0,0,1,7,1,3,2,4,3,2,4,1,0,1,0,3,14,0,2,0,1,0,0,0,0,0,0,0,0,0,0,0,0
desk-fence,0,2,0,0,0,0,2,1,0,0,1,1,0,0,0,0,6,0,8,0,0,0,0,0,0,0,0,0,0,0,0,0,0,0
chair-arm,0,7,0,5,4,4,12,3,4,5,4,16,3,1,14,2,12,4,0,10,0,9,0,0,0,0,0,0,0,0,0,0,0,1
chair-cushion,0,0,0,0,1,0,4,0,0,0,0,0,0,0,0,2,1,0,0,1,0,0,0,0,0,0,0,0,0,0,0,0,0,0
chair-back,0,3,1,1,3,0,6,3,3,0,2,3,0,1,2,1,2,2,1,6,1,5,0,0,0,0,0,0,0,0,0,0,0,0
controller,0,0,0,0,0,0,0,0,0,0,0,0,0,0,0,0,1,0,0,0,0,0,0,0,0,0,0,0,0,0,0,0,0,0
printer,0,0,0,1,0,0,3,1,0,0,0,0,0,0,1,0,1,0,0,0,0,0,0,23,0,0,0,0,0,1,0,0,0,0
door,0,0,0,0,0,0,0,0,0,0,0,0,0,0,0,0,0,0,0,0,0,0,0,0,0,0,0,0,0,0,0,0,0,0
window,0,0,0,0,0,0,0,0,0,0,0,0,0,0,0,0,0,0,0,0,0,0,0,0,0,0,0,0,0,0,0,0,0,0
waterdispenser,0,0,0,0,1,0,0,0,4,0,2,0,0,0,0,0,0,0,0,1,0,0,0,0,0,0,0,0,0,0,0,0,0,1
tissuedispenser,0,0,0,0,0,0,0,0,1,0,0,0,0,0,0,0,0,0,0,0,0,0,0,0,0,0,0,0,0,0,0,0,0,0
trashcan,0,0,0,0,1,0,3,0,0,0,0,0,0,0,0,0,0,0,0,1,0,0,0,0,0,0,0,0,0,0,0,0,0,0
cabinet,0,0,0,0,0,0,1,0,1,0,1,0,0,0,0,0,0,0,0,0,0,0,0,1,0,0,0,0,0,1,0,0,0,0
printerdesk,0,0,0,0,0,0,0,0,0,0,0,0,0,0,0,0,0,0,0,0,0,0,0,0,0,0,0,0,0,0,0,0,0,0
printerchair,0,0,0,0,1,0,0,0,0,0,0,0,0,0,0,0,1,0,0,0,0,1,0,0,0,0,0,0,0,0,0,0,0,0
hanger,0,0,0,0,0,0,0,0,0,0,0,0,0,0,0,0,0,0,0,0,0,0,0,0,0,0,0,0,0,0,0,0,0,0
leave,0,0,0,0,0,0,0,0,0,0,0,0,0,0,0,0,0,0,0,0,0,0,0,0,0,0,0,0,0,0,0,0,0,34
25,Entry,head,shouler,arm,hand,body,"hip,leg,foot",bag,cup,earphone,glasses,mobilephone,overcoat,pillow,mouse,keyboard,desktop,desk-drawer,desk-fence,chair-arm,chair-cushion,chair-back,controller,printer,door,window,waterdispenser,tissuedispenser,trashcan,cabinet,printerdesk,printerchair,hanger,leave
Entry,0,1,1,0,1,2,2,9,0,0,0,4,0,0,2,6,1,0,0,7,0,5,0,0,0,0,0,0,0,0,0,1,0,1
head,0,32,1,1,16,5,9,0,2,0,1,53,0,0,48,67,9,0,0,6,1,2,0,0,0,0,0,0,0,0,0,0,0,6
shouler,0,0,2,1,0,0,4,1,0,0,0,0,0,0,1,0,0,0,0,1,0,2,0,0,0,0,0,0,0,0,0,0,0,1
arm,0,2,0,0,3,1,0,0,0,0,0,2,1,0,0,1,1,0,0,1,0,2,0,0,0,0,0,0,0,0,0,0,0,1
hand,0,13,0,2,9,1,5,0,1,0,0,8,0,0,7,6,2,0,0,3,0,0,0,0,0,0,0,0,0,0,0,0,0,2
body,0,6,1,2,5,1,5,0,0,0,0,4,1,0,4,3,0,0,0,1,0,1,0,1,0,0,1,0,0,0,0,0,0,1
"hip,leg,foot",0,8,2,1,1,2,8,5,1,0,1,12,0,0,10,12,8,0,1,4,0,3,0,0,0,0,0,0,0,0,0,0,0,6
bag,0,3,0,0,0,1,7,5,0,0,0,3,1,0,3,2,1,0,0,2,0,3,0,0,0,0,0,0,0,0,0,0,0,8
cup,0,2,0,0,1,1,1,1,4,0,0,1,0,0,10,1,4,0,0,1,0,1,0,0,0,0,4,0,0,0,0,0,0,2
earphone,0,0,0,0,0,0,0,0,0,0,0,0,0,0,0,0,0,0,0,0,0,0,0,0,0,0,0,0,0,0,0,0,0,0
glasses,0,5,0,0,1,1,0,0,0,0,0,2,0,0,1,4,0,0,0,0,0,0,0,0,0,0,0,0,0,0,0,0,0,0
mobilephone,0,53,2,4,2,6,8,5,3,0,2,11,0,0,89,41,17,0,0,4,0,3,0,0,0,0,0,0,0,0,0,0,0,1
overcoat,0,0,0,0,0,1,1,0,0,0,0,1,0,0,0,1,0,0,0,0,0,1,0,0,0,0,0,0,0,0,0,0,0,0
pillow,0,0,0,0,0,0,0,0,0,0,0,0,0,0,0,0,0,0,0,0,0,0,0,0,0,0,0,0,0,0,0,0,0,0
mouse,0,55,0,1,7,7,5,3,14,0,2,74,0,0,25,286,10,1,0,8,0,2,0,1,0,0,0,0,0,0,0,0,0,3
keyboard,0,66,1,1,10,3,8,4,3,0,8,52,0,0,277,23,9,0,1,8,0,1,0,0,0,0,1,0,0,0,0,0,0,6
desktop,0,9,0,1,1,0,4,2,0,0,0,14,1,0,13,12,5,0,0,9,0,1,0,0,0,0,0,0,0,0,0,0,0,1
desk-drawer,0,0,0,0,0,0,0,1,0,0,0,0,0,0,0,0,0,0,0,0,0,0,0,0,0,0,0,0,0,0,0,0,0,0
desk-fence,0,0,0,0,0,1,0,0,0,0,0,1,0,0,0,0,0,0,0,0,0,0,0,0,0,0,0,0,0,0,0,0,0,0
chair-arm,0,3,2,1,1,0,9,0,1,0,0,6,0,0,13,14,4,0,0,0,1,6,0,1,0,0,0,0,0,0,0,0,0,1
chair-cushion,0,0,0,0,0,0,2,0,0,0,0,1,0,0,0,0,0,0,0,0,0,0,0,0,0,0,0,0,0,0,0,0,0,0
chair-back,0,1,1,0,1,2,6,3,0,0,0,2,1,0,2,2,2,0,0,7,1,1,0,0,0,0,0,0,0,0,0,0,0,2
controller,0,0,0,0,0,0,0,0,0,0,0,0,0,0,0,0,0,0,0,0,0,0,0,0,0,0,0,0,0,0,0,0,0,0
printer,0,0,0,0,0,2,0,0,0,0,0,0,0,0,0,0,0,0,0,1,0,0,0,0,0,0,0,0,0,0,0,0,0,0
door,0,0,0,0,0,0,0,0,0,0,0,0,0,0,0,0,0,0,0,0,0,0,0,0,0,0,0,0,0,0,0,0,0,0
window,0,0,0,0,0,0,0,0,0,0,0,0,0,0,0,0,0,0,0,0,0,0,0,0,0,0,0,0,0,0,0,0,0,0
waterdispenser,0,0,0,0,0,0,1,0,5,0,0,0,0,0,0,0,0,0,0,0,0,0,0,0,0,0,2,0,0,0,0,0,0,0
tissuedispenser,0,0,0,0,0,0,0,0,0,0,0,0,0,0,0,0,0,0,0,0,0,0,0,0,0,0,0,0,0,0,0,0,0,0
trashcan,0,0,0,0,0,0,0,0,0,0,0,0,0,0,0,0,0,0,0,0,0,0,0,0,0,0,0,0,0,0,0,0,0,0
cabinet,0,0,0,0,0,0,0,0,0,0,0,0,0,0,0,0,0,0,0,0,0,0,0,0,0,0,0,0,0,0,0,0,0,0
printerdesk,0,0,0,0,0,0,0,0,0,0,0,0,0,0,0,0,0,0,0,0,0,0,0,0,0,0,0,0,0,0,0,0,0,0
printerchair,0,0,0,0,0,0,0,0,0,0,0,0,0,0,0,1,0,0,0,0,0,0,0,0,0,0,0,0,0,0,0,0,0,0
hanger,0,0,0,0,0,0,0,0,0,0,0,0,0,0,0,0,0,0,0,0,0,0,0,0,0,0,0,0,0,0,0,0,0,0
leave,0,0,0,0,0,0,0,0,0,0,0,0,0,0,0,0,0,0,0,0,0,0,0,0,0,0,0,0,0,0,0,0,0,43
26,Entry,head,shouler,arm,hand,body,"hip,leg,foot",bag,cup,earphone,glasses,mobilephone,overcoat,pillow,mouse,keyboard,desktop,desk-drawer,desk-fence,chair-arm,chair-cushion,chair-back,controller,printer,door,window,waterdispenser,tissuedispenser,trashcan,cabinet,printerdesk,printerchair,hanger,leave
Entry,0,0,0,1,2,0,0,1,0,0,0,0,0,0,0,0,0,0,0,0,0,1,0,0,0,0,0,0,0,0,0,1,0,0
head,0,21,1,3,16,6,11,0,1,0,2,16,0,0,0,0,89,0,0,0,0,1,0,0,0,0,0,0,0,0,0,0,0,0
shouler,0,1,0,1,1,0,1,0,0,0,0,0,0,0,0,0,3,0,1,1,0,0,0,0,0,0,0,0,0,0,0,0,0,0
arm,0,0,1,0,1,0,1,0,0,0,0,1,0,0,0,0,4,0,0,1,0,0,0,0,0,0,0,0,0,0,0,0,0,0
hand,0,10,2,1,8,1,14,0,0,0,0,7,0,0,0,0,36,0,1,3,0,0,0,0,0,0,0,0,0,0,0,1,0,1
body,0,4,1,0,1,0,5,1,0,0,0,4,0,0,0,0,7,0,0,1,0,0,0,0,0,0,0,1,0,0,0,0,0,0
"hip,leg,foot",0,7,0,0,5,2,0,3,0,0,0,1,0,0,0,0,33,0,0,0,0,0,0,0,0,0,0,0,0,0,0,0,0,1
bag,0,0,1,1,0,1,0,1,1,0,0,3,0,0,0,0,2,0,0,0,0,2,0,0,0,0,0,0,0,0,0,1,0,1
cup,0,0,0,1,0,0,0,0,0,0,0,1,0,0,0,0,0,0,0,0,0,0,0,0,0,0,0,0,0,0,0,0,0,0
earphone,0,0,0,0,0,0,0,0,0,0,0,0,0,0,0,0,0,0,0,0,0,0,0,0,0,0,0,0,0,0,0,0,0,0
glasses,0,1,0,0,2,0,0,0,0,0,0,1,0,0,0,0,2,0,0,0,0,0,0,0,0,0,0,0,0,0,0,0,0,0
mobilephone,0,17,0,0,4,4,1,2,0,0,0,1,0,0,0,0,30,0,1,0,0,0,0,0,0,0,0,0,0,0,0,0,0,0
overcoat,0,0,0,0,0,0,0,0,0,0,0,0,0,0,0,0,0,0,0,0,0,0,0,0,0,0,0,0,0,0,0,0,0,0
pillow,0,0,0,0,0,0,0,0,0,0,0,0,0,0,0,0,0,0,0,0,0,0,0,0,0,0,0,0,0,0,0,0,0,0
mouse,0,0,0,0,0,0,0,0,0,0,0,0,0,0,0,0,0,0,0,0,0,0,0,0,0,0,0,0,0,0,0,0,0,0
keyboard,0,0,0,0,0,0,0,0,0,0,0,0,0,0,0,0,0,0,0,0,0,0,0,0,0,0,0,0,0,0,0,0,0,0
desktop,0,104,2,1,44,9,18,4,0,0,4,26,0,0,0,0,28,0,0,1,0,0,0,0,0,0,0,0,0,0,0,0,0,0
desk-drawer,0,0,0,0,0,0,0,0,0,0,0,0,0,0,0,0,0,0,0,0,0,0,0,0,0,0,0,0,0,0,0,0,0,0
desk-fence,0,1,0,0,0,0,0,0,0,0,0,0,0,0,0,0,2,0,0,0,0,0,0,0,0,0,0,0,0,0,0,0,0,0
chair-arm,0,1,0,0,1,1,1,0,0,0,0,0,0,0,0,0,4,0,0,2,0,0,0,0,0,0,0,0,0,0,0,0,0,0
chair-cushion,0,0,0,0,0,0,0,0,0,0,0,0,0,0,0,0,0,0,0,0,0,0,0,0,0,0,0,0,0,0,0,0,0,0
chair-back,0,0,1,0,0,1,0,0,0,0,0,0,0,0,0,0,1,0,0,1,0,0,0,0,0,0,0,0,0,0,0,0,0,1
controller,0,0,0,0,0,0,0,0,0,0,0,0,0,0,0,0,0,0,0,0,0,0,0,0,0,0,0,0,0,0,0,0,0,0
printer,0,0,0,0,0,0,0,0,0,0,0,0,0,0,0,0,0,0,0,0,0,0,0,0,0,0,0,0,0,0,0,0,0,0
door,0,0,0,0,0,0,0,0,0,0,0,0,0,0,0,0,0,0,0,0,0,0,0,0,0,0,0,0,0,0,0,0,0,0
window,0,0,0,0,0,0,0,0,0,0,0,0,0,0,0,0,0,0,0,0,0,0,0,0,0,0,0,0,0,0,0,0,0,0
waterdispenser,0,0,0,0,0,0,0,0,0,0,0,0,0,0,0,0,0,0,0,0,0,0,0,0,0,0,0,0,0,0,0,0,0,0
tissuedispenser,0,0,0,0,0,0,0,0,0,0,0,0,0,0,0,0,0,0,0,0,0,0,0,0,0,0,0,0,0,0,0,0,0,1
trashcan,0,0,0,0,0,0,0,0,0,0,0,0,0,0,0,0,0,0,0,0,0,0,0,0,0,0,0,0,0,0,0,0,0,0
cabinet,0,0,0,0,0,0,0,0,0,0,0,0,0,0,0,0,0,0,0,0,0,0,0,0,0,0,0,0,0,0,0,0,0,0
printerdesk,0,0,0,0,0,0,0,0,0,0,0,0,0,0,0,0,0,0,0,0,0,0,0,0,0,0,0,0,0,0,0,0,0,0
printerchair,0,0,0,0,0,0,0,2,0,0,0,0,0,0,0,0,0,0,0,0,0,1,0,0,0,0,0,0,0,0,0,0,0,0
hanger,0,0,0,0,0,0,0,0,0,0,0,0,0,0,0,0,0,0,0,0,0,0,0,0,0,0,0,0,0,0,0,0,0,0
leave,0,0,0,0,0,0,0,0,0,0,0,0,0,0,0,0,0,0,0,0,0,0,0,0,0,0,0,0,0,0,0,0,0,6
28,Entry,head,shouler,arm,hand,body,"hip,leg,foot",bag,cup,earphone,glasses,mobilephone,overcoat,pillow,mouse,keyboard,desktop,desk-drawer,desk-fence,chair-arm,chair-cushion,chair-back,controller,printer,door,window,waterdispenser,tissuedispenser,trashcan,cabinet,printerdesk,printerchair,hanger,leave
Entry,0,5,0,3,0,0,4,2,5,0,2,5,0,0,2,0,1,0,0,2,0,3,0,0,0,0,1,4,0,0,0,0,0,0
head,0,87,1,14,25,16,12,5,23,3,28,115,1,4,132,36,31,0,1,2,0,5,0,6,0,0,1,2,0,1,0,0,0,7
shouler,0,4,0,0,1,2,3,0,0,0,0,1,0,0,4,0,1,0,0,1,0,0,0,0,0,0,0,0,0,0,0,0,0,0
arm,0,9,0,1,3,2,4,0,3,0,2,6,0,0,16,2,1,0,0,1,0,0,0,0,0,0,0,0,0,0,0,0,0,0
hand,0,23,1,1,13,4,9,3,1,0,4,3,0,0,18,11,8,0,0,3,0,1,0,1,0,0,0,0,0,0,0,0,0,0
body,0,17,3,2,4,24,13,2,2,1,9,17,2,1,13,1,6,0,0,4,0,5,0,0,0,0,0,0,0,0,0,0,0,1
"hip,leg,foot",0,10,1,5,6,22,19,1,2,1,6,7,1,2,21,5,31,0,0,10,1,3,0,0,0,0,0,5,0,0,0,0,0,1
bag,0,6,1,0,1,2,0,17,4,3,1,15,1,0,9,2,19,0,0,4,0,2,0,0,0,0,0,1,0,0,0,0,0,0
cup,0,22,0,2,0,3,8,3,5,0,3,18,0,1,62,3,13,0,1,7,0,1,0,0,0,0,13,2,0,1,0,0,0,4
earphone,0,1,0,0,1,1,1,4,2,0,0,8,0,0,5,0,2,0,0,1,0,0,0,0,0,0,0,0,0,0,0,0,0,0
glasses,0,23,0,1,5,6,5,1,5,0,3,44,1,0,57,20,11,0,0,0,0,0,0,2,0,0,0,0,0,0,0,0,0,1
mobilephone,0,120,1,1,4,12,7,14,24,7,56,26,0,5,185,7,38,0,1,11,0,1,0,0,0,0,1,0,0,0,0,0,0,6
overcoat,0,1,1,0,0,2,0,0,0,0,1,1,1,0,0,0,0,0,0,0,0,2,0,0,0,0,0,0,0,0,0,0,0,0
pillow,0,3,0,0,0,1,3,0,1,0,0,5,0,0,1,1,0,0,0,1,0,0,0,0,0,0,0,0,0,0,0,0,0,1
mouse,0,124,3,10,26,12,27,11,64,7,25,186,1,1,37,535,56,0,3,15,0,0,0,0,0,0,0,3,0,0,0,0,0,0
keyboard,0,48,1,2,2,2,3,2,6,0,23,15,1,1,514,8,9,0,0,1,0,1,0,1,0,0,0,0,0,0,0,0,0,0
desktop,0,40,1,5,6,6,22,16,9,4,13,40,0,1,59,7,24,1,2,12,0,0,0,0,0,0,0,2,0,0,0,0,0,1
desk-drawer,0,0,0,0,0,0,0,0,0,0,0,0,0,0,0,0,1,0,0,0,0,0,0,0,0,0,0,0,0,0,0,0,0,0
desk-fence,0,1,0,0,0,1,1,0,0,0,1,2,0,0,1,0,2,0,1,1,0,0,0,0,0,0,0,0,0,0,0,0,0,0
chair-arm,0,1,2,2,3,4,11,6,2,0,3,10,0,1,7,0,15,0,2,2,0,3,0,0,0,0,0,2,0,1,0,0,0,4
chair-cushion,0,0,0,0,0,0,1,0,0,0,0,0,0,0,0,0,0,0,0,0,0,0,0,0,0,0,0,0,0,0,0,0,0,0
chair-back,0,3,1,0,3,4,5,1,1,0,0,3,0,0,0,0,0,0,0,2,0,2,0,0,0,0,0,0,0,0,0,0,0,4
controller,0,0,0,0,0,0,0,0,0,0,0,0,0,0,0,0,0,0,0,0,0,0,0,0,0,0,0,0,0,0,0,0,0,0
printer,0,3,0,1,1,0,0,0,0,0,4,0,0,0,0,1,0,0,0,0,0,0,0,1,0,0,0,0,0,0,0,0,0,0
door,0,0,0,0,0,0,0,0,0,0,0,0,0,0,0,0,0,0,0,0,0,0,0,0,0,0,0,0,0,0,0,0,0,0
window,0,0,0,0,0,0,0,0,0,0,0,0,0,0,0,0,0,0,0,0,0,0,0,0,0,0,0,0,0,0,0,0,0,0
waterdispenser,0,3,0,0,0,0,0,0,13,0,0,0,0,0,0,0,0,0,0,0,0,0,0,0,0,0,2,0,0,0,0,0,0,0
tissuedispenser,0,3,0,0,0,0,2,0,0,0,0,2,0,0,2,0,2,0,0,1,0,0,0,0,0,0,0,2,0,0,0,0,0,9
trashcan,0,0,0,0,0,0,0,0,0,0,0,0,0,0,0,0,0,0,0,0,0,0,0,0,0,0,0,0,0,0,0,0,0,0
cabinet,0,0,0,0,0,1,0,0,0,0,1,0,0,0,0,1,0,0,0,0,0,0,0,0,0,0,0,0,0,1,0,0,0,0
printerdesk,0,0,0,0,0,0,0,0,0,0,0,0,0,0,0,0,0,0,0,0,0,0,0,0,0,0,0,0,0,0,0,0,0,0
printerchair,0,0,0,0,0,0,0,0,0,0,0,0,0,0,0,0,0,0,0,0,0,0,0,0,0,0,0,0,0,0,0,0,0,0
hanger,0,0,0,0,0,0,0,0,0,0,0,0,0,0,0,0,0,0,0,0,0,0,0,0,0,0,0,0,0,0,0,0,0,0
leave,0,0,0,0,0,0,0,0,0,0,0,0,0,0,0,0,0,0,0,0,0,0,0,0,0,0,0,0,0,0,0,0,0,39
29,Entry,head,shouler,arm,hand,body,"hip,leg,foot",bag,cup,earphone,glasses,mobilephone,overcoat,pillow,mouse,keyboard,desktop,desk-drawer,desk-fence,chair-arm,chair-cushion,chair-back,controller,printer,door,window,waterdispenser,tissuedispenser,trashcan,cabinet,printerdesk,printerchair,hanger,leave
Entry,0,2,1,0,1,2,1,4,0,1,1,6,1,1,3,0,0,0,0,1,0,3,0,0,0,0,0,0,0,0,0,0,0,2
head,0,44,2,2,12,7,3,2,7,22,1,42,13,1,78,21,72,3,0,6,0,2,0,0,1,0,0,1,0,0,0,0,0,4
shouler,0,2,0,1,0,2,0,0,0,2,0,1,1,0,1,0,0,0,0,0,0,0,0,0,0,0,0,0,0,0,0,0,0,1
arm,0,3,1,2,2,1,0,0,0,0,1,3,0,0,7,5,4,0,0,0,0,0,0,0,0,0,0,0,0,0,0,0,0,0
hand,0,11,0,0,3,0,1,1,0,0,0,2,2,1,27,1,18,0,0,1,0,0,0,1,0,0,0,1,0,0,0,0,0,1
body,0,7,0,1,0,5,2,0,0,4,1,6,0,1,7,1,3,1,0,0,0,1,0,0,0,0,0,1,0,0,0,0,0,1
"hip,leg,foot",0,2,1,0,1,3,0,1,1,1,2,6,0,0,5,0,6,1,0,2,1,1,0,0,0,0,0,0,0,0,0,0,0,0
bag,0,6,0,0,3,0,1,9,8,0,0,4,4,2,3,0,5,0,0,0,0,9,0,0,0,0,0,0,1,0,0,0,0,1
cup,0,3,2,1,1,1,2,7,22,1,0,4,6,0,22,2,2,1,0,1,1,0,0,0,0,0,9,1,0,0,0,0,0,0
earphone,0,21,1,0,2,2,0,2,2,6,1,4,8,0,18,3,6,1,0,1,0,1,0,0,0,0,0,1,0,0,0,0,0,0
glasses,0,4,0,0,0,0,1,0,0,0,0,3,0,0,7,1,3,0,0,0,0,0,0,0,0,0,0,0,0,0,0,0,0,1
mobilephone,0,52,1,1,3,5,4,5,4,1,4,12,7,1,99,23,38,2,0,0,0,0,0,0,1,0,0,1,0,0,0,1,0,4
overcoat,0,25,0,0,2,1,3,3,2,5,0,7,2,1,8,4,5,1,0,3,0,2,0,0,0,0,0,0,0,0,0,0,0,0
pillow,0,5,0,0,1,0,0,1,1,0,0,0,1,0,1,1,1,0,0,0,0,0,0,0,0,0,0,0,0,0,0,0,0,0
mouse,0,52,2,10,24,7,2,4,24,17,4,98,9,2,30,611,169,6,0,6,0,0,0,0,0,0,0,0,0,0,0,0,0,2
keyboard,0,28,0,7,1,0,3,1,3,7,1,20,2,1,593,2,42,0,0,1,0,0,0,0,0,0,0,0,0,0,0,0,0,1
desktop,0,74,0,4,10,2,6,7,4,9,3,43,11,1,164,34,183,4,0,3,0,2,0,0,0,0,0,0,0,0,0,0,0,0
desk-drawer,0,0,0,0,2,0,0,0,0,3,0,2,0,0,6,1,5,1,0,1,0,0,0,0,0,0,0,0,0,0,0,0,0,0
desk-fence,0,0,0,0,0,0,0,0,0,0,0,0,0,0,0,0,0,0,0,0,0,0,0,0,0,0,0,0,0,0,0,0,0,0
chair-arm,0,3,0,0,3,3,3,2,1,1,1,2,4,0,0,1,1,0,0,0,0,0,0,0,0,0,0,1,0,0,0,0,0,1
chair-cushion,0,1,0,0,0,0,0,0,0,0,0,0,0,0,0,0,0,0,0,1,0,0,0,0,0,0,0,0,0,0,0,0,0,0
chair-back,0,1,0,0,0,1,2,7,1,0,0,3,3,0,0,1,0,0,0,0,0,4,0,0,0,0,0,0,0,0,0,0,0,2
controller,0,0,0,0,0,0,0,0,0,0,0,0,0,0,0,0,0,0,0,0,0,0,0,0,0,0,0,0,0,0,0,0,0,0
printer,0,0,0,0,0,0,0,0,0,0,0,0,0,0,0,0,1,0,0,0,0,0,0,4,0,0,0,0,0,0,0,0,0,0
door,0,0,0,0,0,0,0,0,0,0,0,0,0,0,0,0,0,0,0,0,0,0,0,0,0,0,0,0,0,0,0,0,0,2
window,0,0,0,0,0,0,0,0,0,0,0,0,0,0,0,0,0,0,0,0,0,0,0,0,0,0,0,0,0,0,0,0,0,0
waterdispenser,0,0,0,0,0,0,0,0,9,0,0,0,0,0,0,0,0,0,0,0,0,0,0,0,0,0,3,0,0,0,0,0,0,0
tissuedispenser,0,0,0,0,0,0,0,0,0,0,0,0,0,0,0,0,0,0,0,0,0,0,0,0,0,0,0,0,0,0,0,0,0,7
trashcan,0,0,0,0,0,0,0,0,0,0,0,0,0,0,0,1,0,0,0,0,0,0,0,0,0,0,0,0,1,0,0,0,0,0
cabinet,0,0,0,0,0,0,0,0,0,0,0,0,0,0,0,0,0,0,0,0,0,0,0,0,0,0,0,0,0,0,0,0,0,0
printerdesk,0,0,0,0,0,0,0,0,0,0,0,0,0,0,0,0,0,0,0,0,0,0,0,0,0,0,0,0,0,0,0,0,0,0
printerchair,0,0,0,0,0,0,0,0,0,0,0,1,0,0,0,0,0,0,0,0,0,0,0,0,0,0,0,0,0,0,0,0,0,0
hanger,0,0,0,0,0,0,0,0,0,0,0,0,0,0,0,0,0,0,0,0,0,0,0,0,0,0,0,0,0,0,0,0,0,0
leave,0,0,0,0,0,0,0,0,0,0,0,0,0,0,0,0,0,0,0,0,0,0,0,0,0,0,0,0,0,0,0,0,0,30
30,Entry,head,shouler,arm,hand,body,"hip,leg,foot",bag,cup,earphone,glasses,mobilephone,overcoat,pillow,mouse,keyboard,desktop,desk-drawer,desk-fence,chair-arm,chair-cushion,chair-back,controller,printer,door,window,waterdispenser,tissuedispenser,trashcan,cabinet,printerdesk,printerchair,hanger,leave
Entry,0,0,0,1,4,1,1,2,1,1,1,2,1,0,0,0,3,0,0,1,0,2,0,0,0,0,0,0,0,1,0,1,0,0
head,0,38,0,1,37,3,14,0,1,1,2,56,0,1,12,141,32,0,0,8,0,0,0,0,0,0,0,0,0,0,0,0,0,0
shouler,0,0,0,0,0,0,0,0,0,0,0,0,0,0,0,0,0,0,0,0,0,0,0,0,0,0,0,0,0,0,0,0,0,0
arm,0,2,0,1,9,4,0,0,0,0,1,0,1,0,1,11,2,0,0,1,0,0,0,0,0,0,0,0,0,0,0,0,0,0
hand,0,29,0,2,17,6,10,2,1,3,0,3,0,0,2,36,24,0,1,8,0,4,0,0,0,0,0,0,0,0,0,0,0,1
body,0,3,0,3,4,3,3,0,0,4,0,4,2,0,2,15,2,0,0,1,1,0,0,0,0,0,0,0,0,0,0,0,0,0
"hip,leg,foot",0,11,0,1,13,3,3,0,1,3,2,5,0,0,2,7,16,0,0,4,0,3,0,0,0,0,0,0,0,0,0,1,0,2
bag,0,0,0,0,2,1,3,10,0,1,0,1,1,0,0,3,15,1,1,3,0,2,0,0,0,0,0,0,0,0,0,0,0,4
cup,0,1,0,0,0,0,4,0,6,1,0,2,0,0,1,2,10,0,0,1,0,0,0,0,0,0,1,0,0,0,0,0,0,0
earphone,0,3,0,1,3,1,5,2,2,3,0,6,0,1,0,10,0,3,1,5,0,4,0,0,0,0,0,0,0,0,1,0,0,1
glasses,0,1,0,0,2,0,2,0,0,0,0,1,0,0,0,0,6,0,0,0,0,0,0,0,0,0,0,0,0,0,0,0,0,0
mobilephone,0,62,0,1,2,1,4,1,4,7,1,9,0,0,12,24,14,0,0,5,0,3,0,0,0,0,0,0,0,0,0,0,0,5
overcoat,0,1,0,0,1,0,0,3,0,1,0,0,0,0,0,0,0,0,0,0,0,0,0,0,0,0,0,0,0,0,0,0,0,1
pillow,0,0,0,0,0,0,0,1,0,0,0,0,0,0,0,7,0,0,0,0,0,0,0,0,0,0,0,0,0,0,0,0,0,0
mouse,0,11,0,2,3,1,2,1,0,0,0,16,0,1,2,22,38,0,0,1,1,0,0,0,0,0,0,0,0,0,0,0,0,0
keyboard,0,147,0,14,30,13,5,5,1,12,1,30,1,4,25,22,48,0,0,10,1,0,0,0,0,0,0,0,0,0,0,0,0,0
desktop,0,27,0,5,13,7,15,15,10,7,4,10,0,0,41,59,16,0,0,5,0,0,0,0,1,0,0,0,0,0,1,0,0,3
desk-drawer,0,0,0,0,0,0,0,0,0,3,0,0,0,0,0,1,0,0,0,0,0,0,0,0,0,0,0,0,0,0,0,0,0,0
desk-fence,0,0,0,0,1,0,0,0,0,0,0,1,0,0,0,0,0,0,0,1,0,0,0,0,0,0,0,0,0,0,0,0,0,0
chair-arm,0,9,0,1,6,2,6,2,1,4,0,6,0,1,0,9,10,0,0,5,0,1,1,0,0,0,0,0,0,0,0,0,0,1
chair-cushion,0,0,0,0,0,0,0,0,1,0,0,0,0,0,1,0,0,0,0,1,0,0,0,0,0,0,0,0,0,0,0,0,0,0
chair-back,0,1,0,0,2,1,1,3,0,1,0,3,1,0,0,0,3,0,0,4,0,7,1,0,0,0,0,0,0,0,0,0,0,1
controller,0,0,0,0,0,0,0,0,0,0,0,0,0,0,0,0,0,0,0,1,0,1,0,0,0,0,0,0,0,0,0,0,0,0
printer,0,1,0,0,0,0,0,0,0,0,0,0,0,0,0,0,0,0,0,0,0,0,0,0,0,0,0,0,0,0,0,0,0,0
door,0,0,0,0,0,0,0,0,0,0,0,0,0,0,0,0,0,0,0,0,0,0,0,0,1,0,0,0,0,0,0,0,0,1
window,0,0,0,0,0,0,0,0,0,0,0,0,0,0,0,0,0,0,0,0,0,0,0,0,0,0,0,0,0,0,0,0,0,0
waterdispenser,0,0,0,0,0,0,0,0,0,0,0,0,0,0,0,0,0,0,0,0,0,0,0,0,0,0,0,0,0,0,0,0,0,1
tissuedispenser,0,0,0,0,0,0,0,0,0,0,0,0,0,0,0,0,0,0,0,0,0,0,0,0,0,0,0,0,0,0,0,0,0,0
trashcan,0,0,0,0,0,0,0,0,0,0,0,0,0,0,0,0,0,0,0,0,0,0,0,0,0,0,0,0,0,0,0,0,0,0
cabinet,0,0,0,0,0,0,0,1,0,0,0,0,0,0,0,0,0,0,0,0,0,0,0,0,0,0,0,0,0,1,0,0,0,0
printerdesk,0,0,0,0,0,0,0,0,0,0,0,0,0,0,0,0,0,0,0,0,0,0,0,1,0,0,0,0,0,0,0,0,0,1
printerchair,0,0,0,0,0,0,0,0,0,0,0,0,0,0,0,0,0,0,0,0,0,2,0,0,0,0,0,0,0,0,0,0,0,0
hanger,0,0,0,0,0,0,0,0,0,0,0,0,0,0,0,0,0,0,0,0,0,0,0,0,0,0,0,0,0,0,0,0,0,0
leave,0,0,0,0,0,0,0,0,0,0,0,0,0,0,0,0,0,0,0,0,0,0,0,0,0,0,0,0,0,0,0,0,0,23
34,Entry,head,shouler,arm,hand,body,"hip,leg,foot",bag,cup,earphone,glasses,mobilephone,overcoat,pillow,mouse,keyboard,desktop,desk-drawer,desk-fence,chair-arm,chair-cushion,chair-back,controller,printer,door,window,waterdispenser,tissuedispenser,trashcan,cabinet,printerdesk,printerchair,hanger,leave
Entry,0,1,0,0,1,1,5,1,3,0,0,0,0,0,0,0,0,0,0,8,0,5,0,0,0,0,0,0,0,0,0,0,0,0
head,0,235,1,5,43,15,63,1,4,11,22,77,0,1,246,26,119,0,1,17,1,0,0,0,0,0,0,0,0,0,0,0,0,5
shouler,0,1,2,0,0,1,0,0,0,2,0,0,0,0,1,0,0,0,0,0,0,0,0,0,0,0,0,0,0,0,0,0,0,0
arm,0,4,0,1,1,1,2,0,0,0,0,2,0,0,4,1,1,0,0,0,0,0,0,0,0,0,0,0,0,0,0,0,0,1
hand,0,29,0,1,49,0,22,0,1,1,2,5,0,0,30,5,21,0,0,0,0,0,0,0,0,0,0,0,0,0,0,0,0,2
body,0,11,1,3,1,5,8,0,0,0,1,4,0,0,4,0,1,0,1,0,0,3,0,0,0,0,0,0,0,0,0,0,0,2
"hip,leg,foot",0,61,0,2,18,10,16,0,8,5,4,14,0,0,43,3,24,0,1,13,1,2,0,0,0,0,0,0,0,0,0,0,0,7
bag,0,0,0,0,1,0,1,1,3,1,0,2,0,0,1,0,1,0,0,1,0,0,0,0,0,0,0,0,0,0,0,0,0,2
cup,0,7,0,0,0,0,4,4,6,1,0,3,0,0,7,3,6,0,0,2,0,0,0,0,0,0,6,0,0,0,0,0,0,0
earphone,0,11,2,0,2,1,6,0,0,7,0,13,0,1,24,4,10,0,0,4,0,0,0,0,0,0,0,0,0,0,0,0,0,1
glasses,0,22,0,0,3,2,2,0,0,3,3,4,0,0,41,5,5,0,0,2,0,1,0,0,0,0,0,0,0,0,0,0,0,0
mobilephone,0,90,0,0,2,1,13,2,4,9,4,10,0,2,57,8,25,1,0,9,0,0,0,0,0,0,0,0,0,0,0,0,0,2
overcoat,0,1,0,0,0,0,0,0,0,0,0,0,0,0,0,0,0,0,0,0,0,0,0,0,0,0,0,0,0,0,0,0,0,0
pillow,0,1,0,0,0,0,0,0,0,0,0,3,0,0,0,0,0,0,0,0,0,0,0,0,0,0,0,0,0,0,0,0,0,0
mouse,0,243,1,4,24,4,33,1,5,25,43,68,0,0,98,606,133,1,0,18,0,0,0,0,0,0,0,0,0,0,0,0,0,0
keyboard,0,41,0,1,7,1,2,0,3,2,5,8,0,0,596,14,27,0,0,1,1,0,0,0,0,0,0,0,0,0,0,0,0,0
desktop,0,115,0,0,13,1,26,2,7,8,7,19,0,0,128,33,43,0,0,24,0,3,0,0,0,0,0,0,0,0,0,0,0,0
desk-drawer,0,0,0,0,0,0,0,0,0,1,0,1,0,0,0,0,0,0,0,0,0,0,0,0,0,0,0,0,0,0,0,0,0,0
desk-fence,0,0,0,0,1,0,0,1,0,0,0,1,0,0,0,0,0,0,0,0,0,2,0,0,0,0,0,0,0,0,0,0,0,0
chair-arm,0,15,0,1,2,2,27,1,3,10,1,5,1,0,19,1,13,0,1,9,0,1,0,0,0,0,0,2,0,0,0,0,0,5
chair-cushion,0,1,0,0,0,0,0,0,0,0,1,0,0,0,1,0,0,0,0,0,0,0,0,0,0,0,0,0,0,0,0,0,0,0
chair-back,0,3,0,0,0,0,2,0,1,0,0,0,0,0,3,0,0,0,1,10,0,5,0,0,0,0,0,0,0,0,0,0,0,0
controller,0,0,0,0,0,0,0,0,0,0,0,0,0,0,0,0,0,0,0,0,0,0,0,0,0,0,0,0,0,0,0,0,0,0
printer,0,0,0,0,0,0,0,0,0,0,0,0,0,0,0,0,0,0,0,0,0,0,0,0,0,0,0,0,0,0,0,0,0,0
door,0,0,0,0,0,0,0,0,0,0,0,0,0,0,0,0,0,0,0,0,0,0,0,0,0,0,0,0,0,0,0,0,0,0
window,0,0,0,0,0,0,0,0,0,0,0,0,0,0,0,0,0,0,0,0,0,0,0,0,0,0,0,0,0,0,0,0,0,0
waterdispenser,0,1,0,0,0,0,0,0,1,0,0,0,0,0,0,0,0,0,0,1,0,3,0,0,0,0,0,0,0,0,0,0,0,0
tissuedispenser,0,0,0,0,0,0,0,0,0,0,0,0,0,0,0,0,0,0,0,0,0,0,0,0,0,0,0,0,0,0,0,0,0,2
trashcan,0,0,0,0,0,0,0,0,0,0,0,0,0,0,0,0,0,0,0,0,0,0,0,0,0,0,0,0,0,0,0,0,0,0
cabinet,0,0,0,0,0,0,0,0,0,0,0,0,0,0,0,0,0,0,0,0,0,0,0,0,0,0,0,0,0,0,0,0,0,0
printerdesk,0,0,0,0,0,0,0,0,0,0,0,0,0,0,0,0,0,0,0,0,0,0,0,0,0,0,0,0,0,0,0,0,0,0
printerchair,0,0,0,0,0,0,0,0,0,0,0,0,0,0,0,0,0,0,0,0,0,0,0,0,0,0,0,0,0,0,0,0,0,0
hanger,0,0,0,0,0,0,0,0,0,0,0,0,0,0,0,0,0,0,0,0,0,0,0,0,0,0,0,0,0,0,0,0,0,0
leave,0,0,0,0,0,0,0,0,0,0,0,0,0,0,0,0,0,0,0,0,0,0,0,0,0,0,0,0,0,0,0,0,0,25
35,Entry,head,shouler,arm,hand,body,"hip,leg,foot",bag,cup,earphone,glasses,mobilephone,overcoat,pillow,mouse,keyboard,desktop,desk-drawer,desk-fence,chair-arm,chair-cushion,chair-back,controller,printer,door,window,waterdispenser,tissuedispenser,trashcan,cabinet,printerdesk,printerchair,hanger,leave
Entry,0,1,0,3,4,2,10,3,1,0,0,11,0,0,7,6,2,1,0,6,0,5,0,0,2,0,0,0,0,0,1,0,0,0
head,0,33,1,4,14,9,14,3,1,0,9,46,0,0,98,65,24,0,1,16,0,2,0,2,0,0,0,0,0,0,0,0,0,4
shouler,0,1,0,0,0,0,0,0,0,0,0,1,0,0,0,0,0,0,0,0,0,0,0,0,0,0,0,0,0,0,0,0,0,0
arm,0,2,0,1,1,6,5,0,1,0,1,1,0,0,2,1,0,0,0,2,0,1,0,1,0,0,0,0,0,0,0,0,0,0
hand,0,7,0,2,6,5,9,2,1,0,0,6,0,0,20,13,21,2,1,4,0,0,0,4,0,0,0,0,0,0,4,0,0,1
body,0,7,0,2,2,6,9,0,0,0,1,10,0,0,10,7,4,0,1,9,0,4,0,2,0,0,0,0,0,0,0,0,0,1
"hip,leg,foot",0,11,0,5,7,11,9,3,1,0,0,52,0,0,19,8,15,3,1,14,0,5,0,7,1,0,0,0,0,0,0,0,0,13
bag,0,3,0,0,1,0,7,10,4,0,0,3,1,0,15,4,12,4,0,3,0,2,0,1,0,0,0,0,0,0,0,0,0,4
cup,0,0,0,0,0,0,3,5,6,0,1,1,0,0,11,0,7,0,0,2,0,0,0,0,0,0,2,0,0,0,0,0,0,1
earphone,0,0,0,0,0,0,0,0,0,0,0,0,0,0,0,0,0,0,0,0,0,0,0,0,0,0,0,0,0,0,0,0,0,0
glasses,0,10,0,0,1,0,1,0,1,0,0,7,0,0,12,6,0,0,0,2,0,0,0,0,0,0,0,0,0,0,0,0,0,0
mobilephone,0,54,1,2,6,5,31,5,2,0,8,5,2,0,118,17,24,4,0,17,0,4,0,2,0,0,1,0,0,0,0,1,0,16
overcoat,0,0,0,0,0,2,0,0,0,0,0,0,0,0,0,0,0,0,0,0,0,0,0,0,0,0,0,0,0,0,0,0,0,1
pillow,0,0,0,0,0,0,0,0,0,0,0,0,0,0,0,0,0,0,0,0,0,0,0,0,0,0,0,0,0,0,0,0,0,0
mouse,0,76,0,2,14,13,28,16,9,0,9,96,0,0,14,1105,41,7,0,35,0,0,0,1,0,0,0,0,0,0,1,0,0,2
keyboard,0,106,0,1,12,6,15,3,0,0,8,23,0,0,1043,12,20,1,0,11,0,2,0,12,0,0,0,0,0,0,0,0,0,8
desktop,0,23,0,0,18,3,9,19,6,0,1,29,0,0,43,20,30,6,0,6,0,2,0,7,0,0,0,0,0,0,0,0,0,3
desk-drawer,0,0,0,0,1,0,5,3,1,0,1,5,0,0,5,0,8,4,0,2,0,0,0,0,0,0,0,0,0,0,0,0,0,1
desk-fence,0,0,0,0,2,0,0,0,0,0,0,1,0,0,1,0,1,0,0,0,0,0,0,0,0,0,0,0,0,0,0,0,0,0
chair-arm,0,7,0,2,6,7,16,1,1,0,0,20,0,0,47,4,6,3,0,4,2,7,0,1,0,0,0,0,0,0,0,0,0,7
chair-cushion,0,1,0,0,0,0,0,0,0,0,0,0,0,0,0,0,0,0,0,1,0,1,0,0,0,0,0,0,0,0,0,0,0,0
chair-back,0,2,0,0,3,0,6,1,2,0,0,5,0,0,3,0,2,1,1,7,1,4,0,0,0,0,0,0,0,0,0,0,0,1
controller,0,0,0,0,0,0,0,0,0,0,0,0,0,0,0,0,0,0,0,0,0,0,0,0,0,0,0,0,0,0,0,0,0,0
printer,0,1,0,1,5,0,7,0,0,0,1,1,0,0,1,14,7,0,0,0,0,0,0,58,0,0,0,0,0,0,3,0,0,1
door,0,0,0,1,0,0,0,0,0,0,0,0,0,0,0,0,1,0,0,0,0,0,0,0,1,0,0,0,0,0,0,0,0,1
window,0,0,0,0,0,0,0,0,0,0,0,0,0,0,0,0,0,0,0,0,0,0,0,0,0,0,0,0,0,0,0,0,0,0
waterdispenser,0,0,0,0,0,0,0,0,2,0,0,1,0,0,0,0,0,0,0,0,0,0,0,0,0,0,0,0,0,0,0,0,0,0
tissuedispenser,0,0,0,0,0,0,0,0,0,0,0,0,0,0,0,0,0,0,0,0,0,0,0,0,0,0,0,0,0,0,0,0,0,0
trashcan,0,0,0,0,0,0,0,0,0,0,0,0,0,0,0,0,0,0,0,0,0,0,0,0,0,0,0,0,0,0,0,0,0,0
cabinet,0,0,0,0,0,0,0,0,0,0,0,0,0,0,0,0,0,0,0,0,0,0,0,0,0,0,0,0,0,0,0,0,0,0
printerdesk,0,1,0,0,5,0,0,0,0,0,0,0,0,0,0,1,0,0,0,0,0,0,0,2,0,0,0,0,0,0,4,0,0,0
printerchair,0,0,0,0,0,0,0,0,0,0,0,1,0,0,0,0,0,0,0,0,0,0,0,0,0,0,0,0,0,0,0,1,0,0
hanger,0,0,0,0,0,0,0,0,0,0,0,0,0,0,0,0,0,0,0,0,0,0,0,0,0,0,0,0,0,0,0,0,0,0
leave,0,0,0,0,0,0,0,0,0,0,0,0,0,0,0,0,0,0,0,0,0,0,0,0,0,0,0,0,0,0,0,0,0,65
36,Entry,head,shouler,arm,hand,body,"hip,leg,foot",bag,cup,earphone,glasses,mobilephone,overcoat,pillow,mouse,keyboard,desktop,desk-drawer,desk-fence,chair-arm,chair-cushion,chair-back,controller,printer,door,window,waterdispenser,tissuedispenser,trashcan,cabinet,printerdesk,printerchair,hanger,leave
Entry,0,1,0,0,0,0,1,2,0,0,0,6,0,0,0,0,0,0,0,3,0,3,0,0,0,0,0,0,0,0,0,0,0,0
head,0,72,0,32,19,10,113,3,2,0,1,64,0,0,29,4,119,0,1,13,1,0,0,0,0,0,1,0,0,0,0,0,0,2
shouler,0,0,0,0,0,0,1,0,0,0,1,0,0,0,0,0,1,0,0,0,0,0,0,0,0,0,0,0,0,0,0,0,0,0
arm,0,34,0,1,2,0,16,1,2,0,0,10,0,0,9,0,38,0,0,1,0,0,0,0,0,0,0,0,0,0,0,0,0,0
hand,0,20,0,1,1,3,26,0,0,0,0,8,0,0,3,0,20,0,1,5,0,0,0,0,0,0,0,0,0,0,0,0,0,0
body,0,6,1,1,0,0,6,0,1,0,0,8,0,0,1,0,3,0,0,1,0,0,0,0,0,0,0,0,0,0,0,0,0,0
"hip,leg,foot",0,70,1,22,27,7,3,2,0,0,0,53,0,0,18,1,68,0,1,6,4,1,0,0,0,0,0,0,0,0,0,0,0,2
bag,0,2,0,0,0,0,4,6,2,0,0,11,1,0,3,3,27,0,0,2,0,3,0,0,0,0,0,0,0,0,0,0,0,1
cup,0,5,0,2,0,0,2,4,3,0,1,9,0,0,5,0,19,0,0,1,0,1,0,0,0,0,0,0,0,0,0,0,0,0
earphone,0,0,0,0,0,0,0,0,0,0,0,0,0,0,0,0,0,0,0,0,0,0,0,0,0,0,0,0,0,0,0,0,0,0
glasses,0,2,0,1,0,0,0,1,1,0,0,4,0,0,1,0,2,0,0,0,0,0,0,0,0,0,0,0,0,0,0,0,0,0
mobilephone,0,91,1,12,3,1,29,11,6,0,4,6,0,0,79,3,56,0,0,5,0,7,0,0,0,0,0,0,0,0,0,0,0,9
overcoat,0,0,0,0,0,0,0,0,0,0,0,0,0,0,0,0,0,0,0,0,0,0,0,0,0,0,0,0,0,0,0,0,0,1
pillow,0,0,0,0,0,0,0,0,0,0,0,0,0,0,0,0,0,0,0,0,0,0,0,0,0,0,0,0,0,0,0,0,0,0
mouse,0,45,0,6,5,1,9,4,8,0,2,73,0,0,12,155,32,1,0,8,0,0,0,0,0,0,0,0,0,0,0,0,0,1
keyboard,0,4,0,0,2,0,0,3,0,0,0,6,0,0,152,1,2,0,1,0,0,0,0,0,0,0,0,0,0,0,0,0,0,0
desktop,0,127,0,35,23,6,57,24,22,0,3,56,0,0,34,2,8,0,0,22,3,0,0,0,0,0,0,0,0,0,0,0,0,1
desk-drawer,0,0,0,0,0,0,0,0,0,0,0,0,0,0,1,0,0,0,0,0,0,0,0,0,0,0,0,0,0,0,0,0,0,0
desk-fence,0,1,0,0,0,0,0,0,0,0,0,1,0,0,1,0,1,0,1,3,0,0,0,0,0,0,0,0,0,0,0,0,0,0
chair-arm,0,5,0,1,5,0,12,0,1,0,0,5,0,0,11,2,24,0,3,1,1,3,0,0,0,0,0,0,0,0,0,0,0,0
chair-cushion,0,1,0,0,1,0,4,1,0,0,0,0,0,0,0,0,2,0,0,0,0,0,0,0,0,0,0,0,0,0,0,0,0,0
chair-back,0,0,0,0,0,0,2,3,3,0,0,3,0,0,3,0,1,0,0,3,0,3,0,0,0,0,0,0,0,0,0,0,0,0
controller,0,0,0,0,0,0,0,0,0,0,0,0,0,0,0,0,0,0,0,0,0,0,0,0,0,0,0,0,0,0,0,0,0,0
printer,0,0,0,0,0,0,0,0,0,0,0,0,0,0,0,0,0,0,0,0,0,0,0,0,0,0,0,0,0,0,0,0,0,0
door,0,0,0,0,0,0,0,0,0,0,0,0,0,0,0,0,0,0,0,0,0,0,0,0,0,0,0,0,0,0,0,0,0,0
window,0,0,0,0,0,0,0,0,0,0,0,0,0,0,0,0,0,0,0,0,0,0,0,0,0,0,0,0,0,0,0,0,0,0
waterdispenser,0,0,0,0,0,0,0,0,1,0,0,0,0,0,0,0,0,0,0,0,0,0,0,0,0,0,0,0,0,0,0,0,0,0
tissuedispenser,0,0,0,0,0,0,0,0,0,0,0,0,0,0,0,0,0,0,0,0,0,0,0,0,0,0,0,0,0,0,0,0,0,0
trashcan,0,0,0,0,0,0,0,0,0,0,0,0,0,0,0,0,0,0,0,0,0,0,0,0,0,0,0,0,0,0,0,0,0,0
cabinet,0,0,0,0,0,0,0,0,0,0,0,0,0,0,0,0,0,0,0,0,0,0,0,0,0,0,0,0,0,0,0,0,0,0
printerdesk,0,0,0,0,0,0,0,0,0,0,0,0,0,0,0,0,0,0,0,0,0,0,0,0,0,0,0,0,0,0,0,0,0,0
printerchair,0,0,0,0,0,0,0,0,0,0,0,0,0,0,0,0,0,0,0,0,0,0,0,0,0,0,0,0,0,0,0,0,0,0
hanger,0,0,0,0,0,0,0,0,0,0,0,0,0,0,0,0,0,0,0,0,0,0,0,0,0,0,0,0,0,0,0,0,0,0
leave,0,0,0,0,0,0,0,0,0,0,0,0,0,0,0,0,0,0,0,0,0,0,0,0,0,0,0,0,0,0,0,0,0,16
37,Entry,head,shouler,arm,hand,body,"hip,leg,foot",bag,cup,earphone,glasses,mobilephone,overcoat,pillow,mouse,keyboard,desktop,desk-drawer,desk-fence,chair-arm,chair-cushion,chair-back,controller,printer,door,window,waterdispenser,tissuedispenser,trashcan,cabinet,printerdesk,printerchair,hanger,leave
Entry,0,3,0,0,1,0,1,0,0,0,0,5,0,0,0,4,2,0,0,1,0,0,0,0,0,0,0,0,0,0,0,0,0,5
head,0,5,0,0,2,1,7,2,0,0,1,5,0,0,3,0,25,0,2,3,0,3,0,0,0,0,0,0,0,0,0,0,0,3
shouler,0,0,0,0,0,0,0,0,0,0,0,0,0,0,0,0,0,0,0,0,0,0,0,0,0,0,0,0,0,0,0,0,0,0
arm,0,0,0,0,0,0,1,0,0,0,0,0,0,0,0,0,0,0,0,0,0,0,0,0,0,0,0,0,0,0,0,0,0,0
hand,0,1,0,0,6,0,4,0,0,0,1,0,0,0,0,0,8,0,0,1,0,0,0,0,0,1,0,0,0,0,0,0,0,2
body,0,1,0,0,1,0,2,0,0,0,0,0,0,0,0,0,4,0,0,0,0,0,0,0,0,0,0,0,0,0,0,0,0,0
"hip,leg,foot",0,6,0,0,7,0,4,3,0,5,0,9,0,0,1,1,23,0,2,5,0,1,0,0,0,0,0,0,0,0,0,0,0,5
bag,0,0,0,0,0,0,2,5,0,1,0,4,0,0,0,5,4,0,0,5,0,0,0,0,0,0,0,0,0,0,0,0,0,1
cup,0,0,0,0,0,0,0,0,0,0,0,0,0,0,0,0,0,0,0,0,0,0,0,0,0,0,0,0,0,0,0,0,0,0
earphone,0,1,0,0,1,0,3,0,0,0,0,1,0,0,3,0,6,0,0,3,0,0,0,0,0,0,0,0,0,0,0,0,0,1
glasses,0,2,0,0,0,1,0,0,0,0,0,0,0,0,0,0,0,0,0,0,0,0,0,0,0,0,0,0,0,0,0,0,0,0
mobilephone,0,6,0,0,1,0,6,3,0,4,1,1,0,0,8,2,11,0,0,3,0,0,0,0,0,0,0,0,0,0,0,0,0,4
overcoat,0,0,0,0,0,0,0,0,0,0,0,0,0,0,0,0,0,0,0,0,0,0,0,0,0,0,0,0,0,0,0,0,0,0
pillow,0,0,0,0,0,0,0,0,0,0,0,0,0,0,0,0,0,0,0,1,0,0,0,0,0,0,0,0,0,0,0,0,0,0
mouse,0,1,0,0,0,0,2,0,0,2,0,6,0,0,0,17,7,0,0,0,0,0,0,0,0,0,0,0,0,0,0,0,0,1
keyboard,0,1,0,0,1,0,2,6,0,0,0,2,0,0,17,2,4,0,0,1,0,1,0,0,0,0,0,0,0,0,0,0,0,0
desktop,0,29,0,1,3,5,28,2,0,5,0,12,0,0,4,4,13,0,0,10,0,2,0,0,0,0,0,0,0,0,0,0,0,0
desk-drawer,0,0,0,0,0,0,0,0,0,0,0,0,0,0,0,0,0,0,0,0,0,0,0,0,0,0,0,0,0,0,0,0,0,0
desk-fence,0,1,0,0,0,1,0,0,0,0,0,2,0,0,0,1,0,0,1,0,0,1,0,0,0,0,0,0,0,0,0,0,0,0
chair-arm,0,2,0,0,1,0,8,6,0,2,0,3,0,1,0,0,10,0,1,1,0,1,0,0,0,0,0,0,0,0,0,0,0,0
chair-cushion,0,0,0,0,0,0,0,0,0,0,0,0,0,0,0,0,0,0,0,0,0,0,0,0,0,0,0,0,0,0,0,0,0,0
chair-back,0,3,0,0,0,0,1,0,0,0,0,0,0,0,0,1,0,0,1,2,0,0,0,0,0,0,0,0,0,0,0,0,0,1
controller,0,0,0,0,0,0,0,0,0,0,0,0,0,0,0,0,0,0,0,0,0,0,0,0,0,0,0,0,0,0,0,0,0,0
printer,0,0,0,0,0,0,0,0,0,0,0,0,0,0,0,0,0,0,0,0,0,0,0,0,0,0,0,0,0,0,0,0,0,0
door,0,0,0,0,0,0,0,0,0,0,0,0,0,0,0,0,0,0,0,0,0,0,0,0,0,0,0,0,0,0,0,0,0,0
window,0,0,0,0,0,0,1,0,0,0,0,0,0,0,0,0,0,0,0,0,0,0,0,0,0,1,0,0,0,0,0,0,0,0
waterdispenser,0,0,0,0,0,0,0,0,0,0,0,0,0,0,0,0,0,0,0,0,0,0,0,0,0,0,0,0,0,0,0,0,0,0
tissuedispenser,0,0,0,0,0,0,0,0,0,0,0,0,0,0,0,0,0,0,0,0,0,0,0,0,0,0,0,0,0,0,0,0,0,0
trashcan,0,0,0,0,0,0,0,0,0,0,0,0,0,0,0,0,0,0,0,0,0,0,0,0,0,0,0,0,0,0,0,0,0,0
cabinet,0,0,0,0,0,0,0,0,0,0,0,0,0,0,0,0,0,0,0,0,0,0,0,0,0,0,0,0,0,0,0,0,0,0
printerdesk,0,0,0,0,0,0,0,0,0,0,0,0,0,0,0,0,0,0,0,0,0,0,0,0,0,0,0,0,0,0,0,0,0,0
printerchair,0,0,0,0,0,0,0,0,0,0,0,0,0,0,0,0,0,0,0,0,0,0,0,0,0,0,0,0,0,0,0,0,0,0
hanger,0,0,0,0,0,0,0,0,0,0,0,0,0,0,0,0,0,0,0,0,0,0,0,0,0,0,0,0,0,0,0,0,0,0
leave,0,0,0,0,0,0,0,0,0,0,0,0,0,0,0,0,0,0,0,0,0,0,0,0,0,0,0,0,0,0,0,0,0,22
